contract,horizon_days,fold,mae,rmse,mape,directional_accuracy,enet_mae,lasso_features_kept,lasso_features_total,lasso_alpha,train_size,test_size
Q1_27,7,1,0.8421878944056682,1.292251579175823,1.3473206968228018,39.682539682539684,0.9390647724645192,15,38,0.010189653043628897,110,64
Q1_27,7,2,3.1948398474115045,4.507885893266949,4.609701526319733,60.317460317460316,3.1952694277409104,16,38,0.00874271251069296,174,64
Q1_27,7,3,8.63672335934395,8.840074424710272,11.871658192725404,31.746031746031743,8.462601405745332,2,38,1.0460807559401408,238,64
Q1_27,7,4,27.555094172974893,32.62287799268122,25.442357707932057,50.79365079365079,27.895152366086627,22,38,0.015671957731390695,302,64
Q1_27,30,1,1.0817337901911663,1.354406444876069,1.7169661112057624,47.61904761904761,2.783135637058741,22,38,0.001887555904424087,110,64
Q1_27,30,2,4.785269531655294,6.251234520831286,6.983896131241519,52.38095238095239,4.754018208592588,7,38,0.19199708120593278,174,64
Q1_27,30,3,8.967652326125345,9.145340487543475,12.332095765793023,46.03174603174603,12.848155476234034,3,38,0.9435582898592865,238,64
Q1_27,30,4,30.72981378107405,35.38674077977683,28.71549922902854,15.873015873015872,30.224940103398932,2,38,1.5185665474940468,302,64
Q2_27,7,1,8.042602553261244,11.416520729256034,20.413873516193647,60.317460317460316,8.035353304351112,21,38,0.00429862875705327,111,64
Q2_27,7,2,4.839872187091749,5.461276670124464,11.936657191247448,39.682539682539684,4.429286763327559,4,38,0.258555739862271,175,64
Q2_27,7,3,13.474902210495994,14.41518750778546,25.272368693466145,52.38095238095239,13.673732961978654,5,38,0.48087241929721475,239,64
Q2_27,30,1,4.226128848411749,6.477601867764649,10.616429419562238,44.44444444444444,4.169001022745519,16,38,0.010125902561894965,111,64
Q2_27,30,2,4.713308371568765,5.557928203775938,11.69828689463092,31.746031746031743,5.918376248059887,19,38,0.014306515440997829,175,64
Q2_27,30,3,14.18933317528656,15.159388900965869,26.61612715545083,47.61904761904761,14.866464889917628,5,38,0.5114817940543472,239,64
Q3_27,7,1,1.9128237893897277,2.4142393716869726,3.0415235052765404,49.2063492063492,1.8261237568584652,8,38,0.1335503415923843,109,64
Q3_27,7,2,14.999067463169201,17.27280662829837,18.868208271842608,39.682539682539684,16.240622399930125,20,38,0.04852963637594433,173,64
Q3_27,30,1,3.097622122030623,3.5267826121939043,4.964868244525541,55.55555555555556,2.9092154269116013,13,38,0.030310559354270426,109,64
Q3_27,30,2,13.824175855871854,15.621735038982841,17.465351689021418,52.38095238095239,13.757704024669103,16,38,0.039811589901518264,173,64
Q4_27,7,1,15.463305303224638,19.293795189080367,18.3331330912969,44.44444444444444,15.380997180430061,4,38,0.27571662922417817,109,64
Q4_27,30,1,14.420949364210012,17.360968089338563,17.258689494801327,55.55555555555556,14.371658177744628,13,38,0.09100162167585076,109,64
YR27,7,3,10.777399625086192,10.94398341123363,21.861131970952055,57.03125,10.288675759934787,0,23,1.8114208714898248,500,129
YR27,7,4,10.942239898395817,12.004199682985549,17.62027637585788,13.28125,10.105467820576797,5,23,0.4301055019475495,629,129
YR27,7,5,9.135351823548373,9.537388340354413,15.48970941629116,6.25,8.978651693989201,9,23,0.17316410710004007,758,129
YR27,7,6,4.404792922620955,5.439834775253115,7.832760898979563,26.5625,4.841785550167348,14,23,0.033916662594946946,887,129
YR27,7,7,2.353277150132332,2.8580041124380355,4.40816193308222,27.34375,2.5919694657964505,11,23,0.07190159558913696,1016,129
YR27,7,8,1.7809509298040613,2.0828239274825706,3.052388409734991,42.96875,1.8058293095282498,8,23,0.2170216678968839,1145,129
YR27,7,9,3.6779518602174535,4.2222464791456185,6.184591080258068,44.53125,3.723949938538533,10,23,0.09528134518264193,1274,129
YR27,7,10,2.281366928025739,2.759166598542014,4.084206022401518,54.6875,2.07527331541896,13,23,0.07253366839066336,1403,129
YR27,7,11,7.965522461151327,11.413783024850984,10.323550848262919,46.09375,7.864265857750156,13,23,0.029973368516784567,1532,129
YR27,30,3,10.7774783687824,10.944060956341636,21.86129273754979,57.03125,10.288675759934787,0,23,1.7900944055431018,500,129
YR27,30,4,9.363022539477583,10.514857560065193,15.094734300276361,9.375,9.787194552475983,10,23,0.2919634160141221,629,129
YR27,30,5,10.42030869832929,11.100208081652067,17.678362894233207,7.8125,10.246447843561581,12,23,0.06759794684372604,758,129
YR27,30,6,5.09871806900749,5.726909719108346,8.772525518375813,24.21875,5.3200510133817644,10,23,0.1859312190610626,887,129
YR27,30,7,4.181965437000393,5.300287704508019,7.912609847550611,33.59375,4.378630454715278,16,23,0.02408288080591458,1016,129
YR27,30,8,2.757003587011024,3.132877883604254,4.76740948046309,32.8125,2.7585529315461033,15,23,0.00995429904202262,1145,129
YR27,30,9,5.0617991116021726,5.597002720349416,8.536743792464048,46.875,5.047806650341707,14,23,0.10084948992587847,1274,129
YR27,30,10,2.7898126426742267,3.2548419334443954,5.000612225772852,42.1875,2.6854363837826365,13,23,0.06634687604655044,1403,129
YR27,30,11,10.436460758845858,13.74373136169862,13.901411371917908,47.65625,10.3539258609803,12,23,0.040843072814155036,1532,129
YR28,7,4,6.0901686385824325,6.369557320028287,11.403927065626371,4.201680672268908,6.505200434268448,8,23,0.21255436526976934,589,120
YR28,7,5,4.067811325755195,4.4815710352154445,7.374836376613401,5.88235294117647,4.243572305773562,8,23,0.20310127969348934,709,120
YR28,7,6,3.1269207745833247,4.283199682602223,5.4253010419004735,19.327731092436977,3.005346889510114,8,23,0.2059973570660835,829,120
YR28,7,7,1.8134520417097746,2.116290558645249,3.2351852199521005,22.689075630252102,1.4184537709948974,7,23,0.39190601969834266,949,120
YR28,7,8,1.2900921781962182,1.6044539818602943,2.2481738086590273,28.57142857142857,1.3708250831876987,6,23,0.19000073236051374,1069,120
YR28,7,9,4.925221779833752,5.145839020454718,8.374768187462795,31.932773109243694,4.933270610015593,10,23,0.07112423419609866,1189,120
YR28,7,10,1.6411570845110537,1.8227700358478942,2.9764044257362277,43.69747899159664,1.627863118107562,15,23,0.024119859513924344,1309,120
YR28,7,11,1.4829790572479902,2.2627083768116854,2.4873814562202297,38.655462184873954,1.4687643775755677,17,23,0.011076856681251135,1429,120
YR28,30,4,7.156682567774918,7.659881848804314,13.406755471317233,5.88235294117647,7.516461901565333,16,23,0.022191621879721152,589,120
YR28,30,5,5.903656365265794,6.276413349929982,10.749008497691918,8.403361344537815,5.7680714279164516,8,23,0.23317099457663926,709,120
YR28,30,6,3.8631194762972516,5.270672683977763,6.639566889186614,25.210084033613445,4.104900601844874,9,23,0.17738813808508208,829,120
YR28,30,7,2.1268983479851147,2.7339300550096435,3.7877109980397887,23.52941176470588,1.9495412458182608,7,23,0.30589121976315664,949,120
YR28,30,8,1.4060835931095028,1.7170839961305189,2.461570681120655,23.52941176470588,1.4173265885856996,9,23,0.23158281705210446,1069,120
YR28,30,9,6.89064909863323,7.076484389052512,11.734018532048896,31.092436974789916,6.4933636758579985,11,23,0.0764959638855929,1189,120
YR28,30,10,2.4312336728644697,2.710455688474966,4.415118308941027,42.857142857142854,2.4273678067321782,16,23,0.03224672938394612,1309,120
YR28,30,11,1.744519175934776,2.3778770933257016,2.945029269986387,40.33613445378151,1.7247282086377018,15,23,0.014721235220774793,1429,120
