# Source: investing.com xlsx (German Power Futures Historical Data.xlsx) | Downloaded: 2026-05-05T08:16:55.057608
date,german_cal_futures
2017-12-05,37.12
2017-12-06,36.7
2018-01-23,30.45
2018-01-24,29.9
2018-01-25,29.32
2018-01-26,29.43
2018-01-29,29.54
2018-01-30,29.46
2018-01-31,40.65
2018-02-01,43.37
2018-02-02,42.53
2018-02-05,40.26
2018-02-06,39.47
2018-02-07,39.5
2018-02-08,38.26
2018-02-09,38.2
2018-02-12,38.11
2018-02-13,38.55
2018-02-14,38.58
2018-02-15,38.76
2018-02-16,38.85
2018-02-20,39.44
2018-02-21,40.3
2018-02-22,41.01
2018-02-23,41.24
2018-02-26,40.2
2018-02-27,40.12
2018-02-28,36.28
2018-03-01,35.98
2018-03-02,36.13
2018-03-05,34.02
2018-03-06,34.21
2018-03-07,34.07
2018-03-08,34.52
2018-03-09,35.38
2018-03-12,35.08
2018-03-13,35.24
2018-03-14,33.47
2018-03-15,33.83
2018-03-16,33.86
2018-03-19,35.03
2018-03-20,35.55
2018-03-21,36.67
2018-03-22,37.11
2018-03-23,36.97
2018-03-26,37.33
2018-03-27,37.62
2018-03-28,37.55
2018-03-29,37.52
2018-04-02,35.14
2018-04-03,33.1
2018-04-04,33.52
2018-04-05,32.91
2018-04-06,32.96
2018-04-09,32.91
2018-04-10,32.35
2018-04-11,32.23
2018-04-12,32.59
2018-04-13,33.26
2018-04-16,33.7
2018-04-17,33.73
2018-04-18,33.3
2018-04-19,32.99
2018-04-20,33.2
2018-04-23,32.76
2018-04-24,32.44
2018-04-25,32.31
2018-04-26,32.1
2018-04-27,32.26
2018-04-30,31.31
2018-05-01,30.91
2018-05-02,30.08
2018-05-03,29.64
2018-05-04,30.26
2018-05-07,30.39
2018-05-08,30.33
2018-05-09,31.35
2018-05-10,31.59
2018-05-11,31.35
2018-05-14,32.17
2018-05-15,32.37
2018-05-16,31.82
2018-05-17,31.41
2018-05-18,30.31
2018-05-21,31.41
2018-05-22,31.81
2018-05-23,32.52
2018-05-24,32.9
2018-05-25,33.19
2018-05-29,33.53
2018-05-30,33.54
2018-05-31,44.78
2018-06-01,42.02
2018-06-04,44.51
2018-06-05,44.73
2018-06-06,43.02
2018-06-07,43.15
2018-06-08,43.39
2018-06-11,44.07
2018-06-12,44.53
2018-06-13,43.81
2018-06-14,43.57
2018-06-15,44.04
2018-06-18,41.93
2018-06-19,42.58
2018-06-20,42.15
2018-06-21,42.04
2018-06-22,41.94
2018-06-25,42.21
2018-06-26,42.3
2018-06-27,42.31
2018-06-28,42.38
2018-06-29,42.42
2018-07-02,45.34
2018-07-03,44.87
2018-07-05,45.42
2018-07-06,45.11
2018-07-09,46.9
2018-07-10,47.51
2018-07-11,48.13
2018-07-12,47.65
2018-07-13,47.5
2018-07-16,48.64
2018-07-17,48.62
2018-07-18,48.93
2018-07-19,49.3
2018-07-20,48.96
2018-07-23,49.48
2018-07-24,49.52
2018-07-25,49.61
2018-07-26,49.59
2018-07-27,49.56
2018-07-30,49.54
2018-07-31,51.09
2018-08-01,51.5
2018-08-02,51.03
2018-08-03,51.64
2018-08-06,51.62
2018-08-07,51.48
2018-08-08,51.68
2018-08-09,52.52
2018-08-10,52.11
2018-08-13,53.43
2018-08-14,53.78
2018-08-15,53.8
2018-08-16,54.27
2018-08-17,54.64
2018-08-20,55.15
2018-08-21,56.21
2018-08-22,56.25
2018-08-23,56.06
2018-08-24,56.16
2018-08-27,56.2
2018-08-28,56.27
2018-08-29,56.17
2018-08-30,56.19
2018-08-31,59.31
2018-09-04,57.41
2018-09-05,56.49
2018-09-06,56.73
2018-09-07,58.1
2018-09-10,59.45
2018-09-11,59.75
2018-09-12,59.69
2018-09-13,59.18
2018-09-14,59.3
2018-09-17,57.71
2018-09-18,56.52
2018-09-19,56.21
2018-09-20,56.07
2018-09-21,55.14
2018-09-24,56.16
2018-09-25,55.69
2018-09-26,55.4
2018-09-27,55.28
2018-09-28,54.9
2018-10-01,55.62
2018-10-02,57.99
2018-10-03,58.09
2018-10-04,58.83
2018-10-05,59.03
2018-10-08,56.85
2018-10-09,55.92
2018-10-10,55.72
2018-10-11,54.1
2018-10-12,54.95
2018-10-15,54.2
2018-10-16,53.57
2018-10-17,53.56
2018-10-18,53.83
2018-10-19,53.6
2018-10-22,56.2
2018-10-23,55.88
2018-10-24,55.45
2018-10-25,54.29
2018-10-26,53.48
2018-10-29,53.18
2018-10-30,53.11
2018-10-31,57.14
2018-11-01,55.09
2018-11-02,55.69
2018-11-05,51.09
2018-11-06,51.43
2018-11-07,53.59
2018-11-08,54.77
2018-11-09,54.9
2018-11-12,59.14
2018-11-13,58.94
2018-11-14,59.33
2018-11-15,58.94
2018-11-16,58.9
2018-11-19,55.77
2018-11-20,56.41
2018-11-21,57.68
2018-11-23,57.45
2018-11-26,56.54
2018-11-27,56.43
2018-11-28,56.6
2018-11-29,56.68
2018-11-30,51.04
2018-12-03,50.96
2018-12-04,49.28
2018-12-05,47.49
2018-12-06,45.06
2018-12-07,44.03
2018-12-10,43.63
2018-12-11,45.12
2018-12-12,46.25
2018-12-13,47.05
2018-12-14,48.13
2018-12-17,46.91
2018-12-18,46.42
2018-12-19,47.2
2018-12-20,47.86
2018-12-21,47.6
2018-12-24,47.15
2018-12-26,47.15
2018-12-27,47.33
2018-12-28,47.49
2018-12-31,58.66
2019-01-02,55.12
2019-01-03,54.41
2019-01-04,53.62
2019-01-07,49.63
2019-01-08,51.01
2019-01-09,50.51
2019-01-10,49.86
2019-01-11,50.15
2019-01-14,50.35
2019-01-15,50.5
2019-01-16,51.17
2019-01-17,51.66
2019-01-18,51.07
2019-01-22,50.53
2019-01-23,50.8
2019-01-24,50.19
2019-01-25,49.67
2019-01-28,49.51
2019-01-29,49.32
2019-01-30,49.39
2019-01-31,54.15
2019-02-01,51.88
2019-02-04,47.17
2019-02-05,46.58
2019-02-06,46.06
2019-02-07,46.89
2019-02-08,45.41
2019-02-11,43.96
2019-02-12,43.73
2019-02-13,43.39
2019-02-14,43.47
2019-02-15,42.57
2019-02-19,42.78
2019-02-20,42.84
2019-02-21,42.87
2019-02-22,42.69
2019-02-25,42.8
2019-02-26,42.82
2019-02-27,42.82
2019-02-28,38.52
2019-03-01,38.47
2019-03-04,37.52
2019-03-05,36.4
2019-03-06,35.33
2019-03-07,34.22
2019-03-08,34.18
2019-03-11,33.22
2019-03-12,32.72
2019-03-13,31.95
2019-03-14,31.4
2019-03-15,31.26
2019-03-18,30.69
2019-03-19,30.7
2019-03-20,30.68
2019-03-21,30.53
2019-03-22,30.53
2019-03-25,30.58
2019-03-26,30.46
2019-03-27,30.5
2019-03-28,30.65
2019-03-29,30.61
2019-04-01,34.84
2019-04-02,34.55
2019-04-03,34.61
2019-04-04,35.57
2019-04-05,37.04
2019-04-08,38.41
2019-04-09,38.96
2019-04-10,39.58
2019-04-11,38.62
2019-04-12,39.06
2019-04-15,38.52
2019-04-16,38.48
2019-04-17,38.82
2019-04-18,39.21
2019-04-22,39.21
2019-04-23,36.37
2019-04-24,36.84
2019-04-25,37.12
2019-04-26,36.95
2019-04-29,36.96
2019-04-30,38.35
2019-05-01,38.35
2019-05-02,37.36
2019-05-03,37.51
2019-05-06,37.8
2019-05-07,38.59
2019-05-08,39.86
2019-05-09,39.49
2019-05-10,38.6
2019-05-13,38.49
2019-05-14,38.47
2019-05-15,38.06
2019-05-16,38.61
2019-05-17,38.22
2019-05-20,37.99
2019-05-21,38.13
2019-05-22,37.39
2019-05-23,37.77
2019-05-24,37.89
2019-05-28,37.97
2019-05-29,37.86
2019-05-30,37.84
2019-05-31,35.49
2019-06-03,33.57
2019-06-04,33.63
2019-06-05,34.48
2019-06-06,34.13
2019-06-07,32.43
2019-06-10,33.08
2019-06-11,33.98
2019-06-12,33.49
2019-06-13,33.59
2019-06-14,33.68
2019-06-17,32.97
2019-06-18,33.24
2019-06-19,33.27
2019-06-20,33.12
2019-06-21,32.72
2019-06-24,32.74
2019-06-25,32.52
2019-06-26,32.34
2019-06-27,32.47
2019-06-28,32.32
2019-07-01,35.26
2019-07-02,36.31
2019-07-03,35.87
2019-07-05,36.94
2019-07-08,37.99
2019-07-09,38.45
2019-07-10,38.58
2019-07-11,39.34
2019-07-12,39.23
2019-07-15,41.37
2019-07-16,40.61
2019-07-17,40.74
2019-07-18,39.71
2019-07-19,39.76
2019-07-22,39.52
2019-07-23,39.43
2019-07-24,39.39
2019-07-25,39.66
2019-07-26,39.6
2019-07-29,39.48
2019-07-30,39.69
2019-07-31,39.62
2019-08-01,39.73
2019-08-02,39.66
2019-08-05,37.45
2019-08-06,36.15
2019-08-07,35.24
2019-08-08,35.31
2019-08-09,35.59
2019-08-12,36.77
2019-08-13,36.33
2019-08-14,36.29
2019-08-15,36.28
2019-08-16,36.15
2019-08-19,35.9
2019-08-20,36.25
2019-08-21,36.24
2019-08-22,36.36
2019-08-23,36.08
2019-08-26,36.66
2019-08-27,36.94
2019-08-28,36.86
2019-08-29,36.91
2019-08-30,36.85
2019-09-03,35.18
2019-09-04,35.83
2019-09-05,35.79
2019-09-06,36.17
2019-09-09,36.8
2019-09-10,37.27
2019-09-11,37.82
2019-09-12,36.99
2019-09-13,36.72
2019-09-16,37.97
2019-09-17,37.4
2019-09-18,36.56
2019-09-19,36.68
2019-09-20,36.48
2019-09-23,36.39
2019-09-24,35.97
2019-09-25,35.48
2019-09-26,35.3
2019-09-27,35.71
2019-09-30,40.6
2019-10-01,40.93
2019-10-02,40.32
2019-10-03,39.45
2019-10-04,39.96
2019-10-07,38.11
2019-10-08,37.16
2019-10-09,37.2
2019-10-10,37.06
2019-10-11,37.16
2019-10-14,37.41
2019-10-15,38.05
2019-10-16,38.22
2019-10-17,37.67
2019-10-18,37.29
2019-10-21,37.3
2019-10-22,37.18
2019-10-23,37.12
2019-10-24,37.35
2019-10-25,37.08
2019-10-28,36.96
2019-10-29,36.96
2019-10-30,36.94
2019-10-31,41.65
2019-11-01,41.98
2019-11-04,41.28
2019-11-05,42.29
2019-11-06,41.42
2019-11-07,40.93
2019-11-08,41.15
2019-11-11,43.17
2019-11-12,42.36
2019-11-13,41.61
2019-11-14,41.41
2019-11-15,41.09
2019-11-18,40.54
2019-11-19,40.63
2019-11-20,40.48
2019-11-21,40.53
2019-11-22,40.71
2019-11-25,40.8
2019-11-26,40.85
2019-11-27,40.88
2019-11-29,41.0
2019-12-02,36.2
2019-12-03,36.2
2019-12-04,34.8
2019-12-05,33.09
2019-12-06,32.71
2019-12-09,30.48
2019-12-10,31.65
2019-12-11,31.08
2019-12-12,30.66
2019-12-13,31.61
2019-12-16,31.27
2019-12-17,32.62
2019-12-18,33.51
2019-12-19,33.45
2019-12-20,32.74
2019-12-23,33.42
2019-12-24,33.36
2019-12-26,33.36
2019-12-27,33.24
2019-12-30,33.39
2019-12-31,36.45
2020-01-02,35.77
2020-01-03,37.29
2020-01-06,36.2
2020-01-07,35.56
2020-01-08,34.69
2020-01-09,34.86
2020-01-10,34.48
2020-01-13,34.28
2020-01-14,33.13
2020-01-15,32.87
2020-01-16,32.61
2020-01-17,32.6
2020-01-21,33.69
2020-01-22,34.0
2020-01-23,34.45
2020-01-24,34.92
2020-01-27,34.89
2020-01-28,35.14
2020-01-29,35.03
2020-01-30,34.91
2020-01-31,31.0
2020-02-03,28.78
2020-02-04,28.11
2020-02-05,27.74
2020-02-06,27.56
2020-02-07,26.82
2020-02-10,22.77
2020-02-11,23.66
2020-02-12,24.02
2020-02-13,24.12
2020-02-14,22.75
2020-02-18,21.58
2020-02-19,21.79
2020-02-20,21.37
2020-02-21,21.35
2020-02-24,22.04
2020-02-25,21.95
2020-02-26,22.13
2020-02-27,22.01
2020-02-28,21.92
2020-03-02,29.35
2020-03-03,28.64
2020-03-04,27.55
2020-03-05,27.84
2020-03-06,28.06
2020-03-09,29.44
2020-03-10,29.57
2020-03-11,28.82
2020-03-12,28.67
2020-03-13,28.14
2020-03-16,24.84
2020-03-17,24.27
2020-03-18,23.86
2020-03-19,23.42
2020-03-20,23.24
2020-03-23,22.07
2020-03-24,22.37
2020-03-25,22.4
2020-03-26,22.23
2020-03-27,22.24
2020-03-30,22.49
2020-03-31,17.51
2020-04-01,15.52
2020-04-02,16.15
2020-04-03,15.97
2020-04-06,18.03
2020-04-07,19.47
2020-04-08,18.15
2020-04-09,20.18
2020-04-13,20.18
2020-04-14,18.47
2020-04-15,17.32
2020-04-16,17.23
2020-04-17,18.23
2020-04-20,16.56
2020-04-21,16.51
2020-04-22,16.84
2020-04-23,17.86
2020-04-24,17.65
2020-04-27,17.18
2020-04-28,17.03
2020-04-29,17.09
2020-04-30,20.13
2020-05-01,20.02
2020-05-04,19.18
2020-05-05,19.42
2020-05-06,19.02
2020-05-07,19.0
2020-05-08,18.61
2020-05-11,19.94
2020-05-12,19.98
2020-05-13,19.06
2020-05-14,19.53
2020-05-15,19.57
2020-05-18,19.56
2020-05-19,19.65
2020-05-20,18.58
2020-05-21,18.45
2020-05-22,18.65
2020-05-26,17.9
2020-05-27,17.68
2020-05-28,17.73
2020-06-01,20.41
2020-06-02,22.2
2020-06-03,24.23
2020-06-04,24.47
2020-06-05,26.43
2020-06-08,27.4
2020-06-09,26.15
2020-06-10,25.89
2020-06-11,25.62
2020-06-12,25.73
2020-06-15,25.64
2020-06-16,26.41
2020-06-17,25.53
2020-06-18,25.97
2020-06-19,26.26
2020-06-22,26.82
2020-06-23,27.16
2020-06-24,26.89
2020-06-25,26.77
2020-06-26,26.51
2020-06-29,26.16
2020-06-30,32.1
2020-07-01,30.26
2020-07-02,30.45
2020-07-06,31.15
2020-07-07,32.81
2020-07-08,32.29
2020-07-09,31.94
2020-07-10,30.95
2020-07-13,32.18
2020-07-14,31.34
2020-07-15,30.95
2020-07-16,30.82
2020-07-17,30.69
2020-07-20,30.24
2020-07-21,30.35
2020-07-22,30.04
2020-07-23,30.66
2020-07-24,30.53
2020-07-27,29.8
2020-07-28,29.86
2020-07-29,30.02
2020-07-30,30.06
2020-07-31,33.53
2020-08-03,34.52
2020-08-04,34.07
2020-08-05,33.53
2020-08-06,34.0
2020-08-07,33.88
2020-08-10,33.2
2020-08-11,32.98
2020-08-12,31.16
2020-08-13,32.15
2020-08-14,31.91
2020-08-17,33.62
2020-08-18,33.64
2020-08-19,33.16
2020-08-20,32.98
2020-08-21,32.59
2020-08-24,33.11
2020-08-25,33.85
2020-08-26,34.5
2020-08-27,34.59
2020-08-28,34.69
2020-08-31,40.39
2020-09-01,38.95
2020-09-02,38.88
2020-09-03,39.09
2020-09-04,39.75
2020-09-08,40.5
2020-09-09,39.49
2020-09-10,40.5
2020-09-11,40.5
2020-09-14,42.57
2020-09-15,42.67
2020-09-16,41.99
2020-09-17,41.59
2020-09-18,41.3
2020-09-21,42.4
2020-09-22,41.85
2020-09-23,42.73
2020-09-24,43.3
2020-09-25,43.63
2020-09-28,43.62
2020-09-29,43.69
2020-09-30,37.43
2020-10-01,37.08
2020-10-02,37.16
2020-10-05,37.93
2020-10-06,37.05
2020-10-07,36.86
2020-10-08,36.55
2020-10-09,36.67
2020-10-12,35.32
2020-10-13,35.63
2020-10-14,35.58
2020-10-15,34.73
2020-10-16,34.5
2020-10-19,34.89
2020-10-20,34.83
2020-10-21,34.27
2020-10-22,34.55
2020-10-23,34.32
2020-10-26,34.15
2020-10-27,34.14
2020-10-28,33.93
2020-10-29,33.73
2020-10-30,33.97
2020-11-02,35.45
2020-11-03,35.35
2020-11-04,35.43
2020-11-05,35.68
2020-11-06,36.22
2020-11-09,35.53
2020-11-10,34.97
2020-11-11,33.58
2020-11-12,33.33
2020-11-13,33.74
2020-11-16,35.58
2020-11-17,35.33
2020-11-18,34.88
2020-11-19,34.9
2020-11-20,34.98
2020-11-23,37.97
2020-11-24,38.11
2020-11-25,38.46
2020-11-27,38.87
2020-11-30,44.89
2020-12-01,44.28
2020-12-02,42.93
2020-12-03,43.81
2020-12-04,49.91
2020-12-07,46.68
2020-12-08,44.75
2020-12-09,43.83
2020-12-10,44.35
2020-12-11,43.28
2020-12-14,44.67
2020-12-15,45.61
2020-12-16,46.04
2020-12-17,44.39
2020-12-18,42.95
2020-12-21,43.58
2020-12-22,43.39
2020-12-23,43.63
2020-12-24,43.63
2020-12-28,43.08
2020-12-29,43.4
2020-12-30,43.52
2020-12-31,54.63
2021-01-04,52.98
2021-01-05,49.35
2021-01-06,49.93
2021-01-07,52.88
2021-01-08,55.43
2021-01-11,56.58
2021-01-12,59.23
2021-01-13,55.19
2021-01-14,53.99
2021-01-15,51.69
2021-01-19,50.49
2021-01-20,51.07
2021-01-21,51.93
2021-01-22,52.56
2021-01-25,52.68
2021-01-26,52.72
2021-01-27,52.61
2021-01-28,52.7
2021-02-01,49.11
2021-02-02,49.14
2021-02-03,48.27
2021-02-04,49.18
2021-02-05,51.55
2021-02-08,55.66
2021-02-09,55.51
2021-02-10,54.81
2021-02-11,53.83
2021-02-12,53.19
2021-02-16,49.13
2021-02-17,48.85
2021-02-18,49.45
2021-02-19,49.26
2021-02-22,48.45
2021-02-23,48.49
2021-02-24,48.86
2021-02-25,48.67
2021-02-26,48.75
2021-03-01,42.29
2021-03-02,42.45
2021-03-03,42.08
2021-03-04,42.07
2021-03-05,42.95
2021-03-08,41.97
2021-03-09,43.0
2021-03-10,44.46
2021-03-11,45.42
2021-03-12,45.89
2021-03-15,46.88
2021-03-16,46.41
2021-03-17,47.91
2021-03-18,47.93
2021-03-19,47.27
2021-03-22,47.01
2021-03-23,47.42
2021-03-24,46.72
2021-03-25,47.03
2021-03-26,47.24
2021-03-29,47.17
2021-03-30,47.16
2021-03-31,47.19
2021-04-01,46.98
2021-04-05,46.98
2021-04-06,47.45
2021-04-07,47.12
2021-04-08,47.31
2021-04-09,49.07
2021-04-12,50.91
2021-04-13,51.2
2021-04-14,50.97
2021-04-15,52.17
2021-04-16,53.16
2021-04-19,53.19
2021-04-20,53.34
2021-04-21,53.55
2021-04-22,54.47
2021-04-23,54.43
2021-04-26,53.43
2021-04-27,53.56
2021-04-28,53.54
2021-04-29,53.61
2021-04-30,54.63
2021-05-03,52.84
2021-05-04,52.98
2021-05-05,54.0
2021-05-06,55.92
2021-05-07,55.06
2021-05-10,55.62
2021-05-11,55.01
2021-05-12,57.24
2021-05-13,57.37
2021-05-14,57.1
2021-05-17,56.78
2021-05-18,56.78
2021-05-19,53.21
2021-05-20,52.66
2021-05-21,52.9
2021-05-24,53.36
2021-05-25,53.78
2021-05-26,54.39
2021-05-27,54.02
2021-05-28,64.91
2021-06-01,65.94
2021-06-02,65.05
2021-06-03,64.95
2021-06-04,64.58
2021-06-07,67.23
2021-06-08,68.25
2021-06-09,68.12
2021-06-10,69.23
2021-06-11,68.1
2021-06-14,69.57
2021-06-15,68.65
2021-06-16,69.39
2021-06-17,68.85
2021-06-18,70.8
2021-06-21,72.02
2021-06-22,73.23
2021-06-23,73.53
2021-06-24,74.0
2021-06-25,74.26
2021-06-28,73.99
2021-06-29,74.08
2021-06-30,85.16
2021-07-01,88.85
2021-07-02,88.46
2021-07-06,86.6
2021-07-07,86.14
2021-07-08,84.58
2021-07-09,84.61
2021-07-12,85.92
2021-07-13,85.16
2021-07-14,85.07
2021-07-15,84.52
2021-07-16,85.27
2021-07-19,86.52
2021-07-20,85.15
2021-07-21,84.92
2021-07-22,84.39
2021-07-23,84.12
2021-07-26,82.14
2021-07-27,82.42
2021-07-28,82.63
2021-07-29,81.89
2021-07-30,81.37
2021-08-02,84.11
2021-08-03,84.82
2021-08-04,84.46
2021-08-05,83.48
2021-08-06,84.84
2021-08-09,83.23
2021-08-10,83.91
2021-08-11,84.36
2021-08-12,84.14
2021-08-13,84.06
2021-08-16,84.5
2021-08-17,84.04
2021-08-18,83.96
2021-08-19,81.69
2021-08-20,81.55
2021-08-23,80.57
2021-08-24,80.99
2021-08-25,81.71
2021-08-26,81.3
2021-08-27,81.75
2021-08-30,82.7
2021-08-31,99.47
2021-09-01,102.05
2021-09-02,107.72
2021-09-03,109.17
2021-09-07,115.6
2021-09-08,117.4
2021-09-09,119.73
2021-09-10,123.34
2021-09-13,130.29
2021-09-14,135.15
2021-09-15,143.05
2021-09-16,142.65
2021-09-17,129.21
2021-09-20,131.9
2021-09-21,130.95
2021-09-22,129.46
2021-09-23,130.16
2021-09-24,129.2
2021-09-27,128.15
2021-09-28,128.09
2021-09-29,128.37
2021-09-30,160.46
2021-10-01,175.89
2021-10-04,183.65
2021-10-05,206.49
2021-10-06,203.22
2021-10-07,176.22
2021-10-08,162.12
2021-10-11,148.08
2021-10-12,146.6
2021-10-13,153.23
2021-10-14,149.53
2021-10-15,153.07
2021-10-18,139.6
2021-10-19,138.54
2021-10-20,143.65
2021-10-21,145.85
2021-10-22,153.2
2021-10-25,143.2
2021-10-26,142.63
2021-10-27,141.5
2021-10-28,140.27
2021-10-29,151.25
2021-11-01,151.0
2021-11-02,153.4
2021-11-03,153.2
2021-11-04,159.62
2021-11-05,159.32
2021-11-08,153.03
2021-11-09,152.29
2021-11-10,148.27
2021-11-11,151.48
2021-11-12,155.26
2021-11-15,163.09
2021-11-16,171.78
2021-11-17,182.26
2021-11-18,176.91
2021-11-19,174.49
2021-11-22,175.49
2021-11-23,173.92
2021-11-24,180.05
2021-11-26,177.73
2021-11-29,176.15
2021-11-30,223.0
2021-12-01,217.93
2021-12-02,213.4
2021-12-03,215.7
2021-12-06,207.4
2021-12-07,211.24
2021-12-08,231.13
2021-12-09,222.2
2021-12-10,219.94
2021-12-13,242.12
2021-12-14,240.98
2021-12-15,244.11
2021-12-16,263.08
2021-12-17,247.75
2021-12-20,238.2
2021-12-21,253.74
2021-12-22,252.22
2021-12-23,244.3
2021-12-27,223.67
2021-12-28,222.94
2021-12-29,222.16
2021-12-30,221.06
2021-12-31,221.44
2022-01-03,187.94
2022-01-04,194.95
2022-01-05,190.46
2022-01-06,195.76
2022-01-07,192.46
2022-01-10,183.42
2022-01-11,177.36
2022-01-12,171.55
2022-01-13,171.04
2022-01-14,173.18
2022-01-18,171.46
2022-01-19,172.15
2022-01-20,165.81
2022-01-21,168.24
2022-01-24,168.21
2022-01-25,166.59
2022-01-26,166.58
2022-01-27,168.74
2022-01-28,168.1
2022-01-31,180.2
2022-02-01,165.07
2022-02-02,172.43
2022-02-03,163.27
2022-02-04,162.74
2022-02-07,143.95
2022-02-08,140.68
2022-02-09,139.29
2022-02-10,136.58
2022-02-11,130.14
2022-02-14,125.48
2022-02-15,124.22
2022-02-16,120.5
2022-02-17,121.68
2022-02-18,121.13
2022-02-22,126.06
2022-02-23,126.42
2022-02-24,130.68
2022-02-25,127.53
2022-02-28,219.43
2022-03-01,228.89
2022-03-02,294.18
2022-03-03,311.87
2022-03-04,380.85
2022-03-07,412.19
2022-03-08,387.1
2022-03-09,318.68
2022-03-10,294.56
2022-03-11,274.53
2022-03-14,256.07
2022-03-15,258.25
2022-03-16,248.67
2022-03-17,248.55
2022-03-18,248.57
2022-03-21,248.47
2022-03-22,248.03
2022-03-23,252.06
2022-03-24,256.19
2022-03-25,252.38
2022-03-28,252.81
2022-03-29,252.42
2022-03-30,252.01
2022-03-31,233.09
2022-04-01,210.97
2022-04-04,184.06
2022-04-05,181.44
2022-04-06,181.35
2022-04-07,177.11
2022-04-08,175.66
2022-04-11,178.33
2022-04-12,177.34
2022-04-13,175.6
2022-04-14,173.53
2022-04-18,171.86
2022-04-19,162.91
2022-04-20,163.47
2022-04-21,166.78
2022-04-22,165.83
2022-04-25,164.97
2022-04-26,164.58
2022-04-27,165.39
2022-04-28,165.5
2022-04-29,165.73
2022-05-02,192.29
2022-05-03,196.84
2022-05-04,200.35
2022-05-05,202.82
2022-05-06,194.5
2022-05-09,187.96
2022-05-10,184.86
2022-05-11,184.81
2022-05-12,193.3
2022-05-13,187.75
2022-05-16,185.37
2022-05-17,186.8
2022-05-18,185.52
2022-05-19,181.84
2022-05-20,181.03
2022-05-23,175.93
2022-05-24,176.57
2022-05-25,176.74
2022-05-26,176.79
2022-05-27,176.14
2022-05-31,195.17
2022-06-01,186.35
2022-06-02,182.31
2022-06-03,177.2
2022-06-06,175.87
2022-06-07,171.11
2022-06-08,162.37
2022-06-09,170.13
2022-06-10,168.25
2022-06-13,168.19
2022-06-14,175.15
2022-06-15,190.24
2022-06-16,201.8
2022-06-17,199.87
2022-06-21,212.81
2022-06-22,216.49
2022-06-23,217.93
2022-06-24,216.8
2022-06-27,218.13
2022-06-28,217.89
2022-06-29,218.03
2022-06-30,296.73
2022-07-01,281.33
2022-07-05,301.87
2022-07-06,328.43
2022-07-07,352.16
2022-07-08,327.57
2022-07-11,318.17
2022-07-12,303.54
2022-07-13,309.32
2022-07-14,319.44
2022-07-15,310.67
2022-07-18,303.82
2022-07-19,303.92
2022-07-20,303.14
2022-07-21,301.59
2022-07-22,305.13
2022-07-25,304.52
2022-07-26,314.92
2022-07-27,315.68
2022-07-28,314.76
2022-07-29,315.98
2022-08-01,376.71
2022-08-02,394.35
2022-08-03,390.45
2022-08-04,388.54
2022-08-05,377.72
2022-08-08,352.38
2022-08-09,346.19
2022-08-10,369.01
2022-08-11,381.7
2022-08-12,376.41
2022-08-15,398.85
2022-08-16,422.54
2022-08-17,440.49
2022-08-18,444.43
2022-08-19,446.11
2022-08-22,460.3
2022-08-23,456.2
2022-08-24,456.49
2022-08-25,463.55
2022-08-26,465.08
2022-08-29,462.17
2022-08-30,465.18
2022-08-31,465.1
2022-09-01,449.92
2022-09-02,426.21
2022-09-06,410.5
2022-09-07,402.38
2022-09-08,392.74
2022-09-09,381.97
2022-09-12,359.75
2022-09-13,362.79
2022-09-14,373.64
2022-09-15,373.65
2022-09-16,353.12
2022-09-19,343.1
2022-09-20,344.43
2022-09-21,344.98
2022-09-22,346.23
2022-09-23,341.52
2022-09-26,345.36
2022-09-27,347.41
2022-09-28,347.78
2022-09-29,346.12
2022-09-30,288.33
2022-10-03,239.83
2022-10-04,216.46
2022-10-05,213.81
2022-10-06,235.35
2022-10-07,220.13
2022-10-10,196.81
2022-10-11,191.43
2022-10-12,196.21
2022-10-13,191.1
2022-10-14,180.19
2022-10-17,168.3
2022-10-18,161.78
2022-10-19,165.12
2022-10-20,166.14
2022-10-21,161.97
2022-10-24,151.2
2022-10-25,150.68
2022-10-26,151.81
2022-10-27,151.84
2022-10-28,150.81
2022-10-31,207.57
2022-11-01,209.73
2022-11-02,220.2
2022-11-03,222.63
2022-11-04,203.25
2022-11-07,166.66
2022-11-08,163.91
2022-11-09,162.16
2022-11-10,165.62
2022-11-11,147.43
2022-11-14,152.16
2022-11-15,157.36
2022-11-16,148.44
2022-11-17,148.8
2022-11-18,146.78
2022-11-21,158.91
2022-11-22,164.75
2022-11-23,170.14
2022-11-25,168.63
2022-11-28,173.41
2022-11-29,173.63
2022-11-30,315.62
2022-12-01,303.92
2022-12-02,288.6
2022-12-05,293.94
2022-12-06,305.12
2022-12-07,317.13
2022-12-08,313.54
2022-12-09,317.52
2022-12-12,292.32
2022-12-13,284.74
2022-12-14,277.93
2022-12-15,281.5
2022-12-16,268.35
2022-12-19,271.76
2022-12-20,269.32
2022-12-21,268.89
2022-12-22,265.05
2022-12-23,260.37
2022-12-27,254.2
2022-12-28,252.88
2022-12-29,252.45
2022-12-30,251.62
2023-01-03,142.38
2023-01-04,126.42
2023-01-05,130.66
2023-01-06,124.81
2023-01-09,121.01
2023-01-10,118.16
2023-01-11,117.64
2023-01-12,124.68
2023-01-13,123.71
2023-01-17,119.98
2023-01-18,119.49
2023-01-19,118.48
2023-01-20,118.3
2023-01-23,119.14
2023-01-24,117.85
2023-01-25,116.34
2023-01-26,116.08
2023-01-27,118.02
2023-01-30,117.83
2023-01-31,141.7
2023-02-01,142.79
2023-02-02,138.59
2023-02-03,141.52
2023-02-06,132.28
2023-02-07,129.15
2023-02-08,130.98
2023-02-09,131.93
2023-02-10,133.84
2023-02-13,129.15
2023-02-14,129.41
2023-02-15,128.83
2023-02-16,129.81
2023-02-17,129.17
2023-02-21,129.07
2023-02-22,128.72
2023-02-23,127.95
2023-02-24,128.29
2023-02-27,128.31
2023-02-28,120.93
2023-03-01,119.71
2023-03-02,118.72
2023-03-03,114.46
2023-03-06,109.98
2023-03-07,110.3
2023-03-08,109.52
2023-03-09,111.24
2023-03-10,115.84
2023-03-13,109.67
2023-03-14,106.86
2023-03-15,103.74
2023-03-16,105.13
2023-03-17,103.42
2023-03-20,101.41
2023-03-21,102.58
2023-03-22,102.84
2023-03-23,102.92
2023-03-24,101.78
2023-03-27,101.73
2023-03-28,102.27
2023-03-29,102.35
2023-03-30,102.52
2023-03-31,110.32
2023-04-03,114.59
2023-04-04,112.07
2023-04-05,108.4
2023-04-06,104.01
2023-04-10,103.91
2023-04-11,105.34
2023-04-12,104.13
2023-04-13,102.62
2023-04-14,102.52
2023-04-17,100.85
2023-04-18,100.99
2023-04-19,99.92
2023-04-20,100.82
2023-04-21,100.76
2023-04-24,102.01
2023-04-25,101.72
2023-04-26,101.09
2023-04-27,101.2
2023-04-28,101.08
2023-05-01,92.61
2023-05-02,91.68
2023-05-03,90.56
2023-05-04,89.21
2023-05-05,89.9
2023-05-08,90.97
2023-05-09,90.98
2023-05-10,90.7
2023-05-11,91.83
2023-05-12,91.6
2023-05-15,88.65
2023-05-16,87.64
2023-05-17,87.34
2023-05-18,86.13
2023-05-19,85.96
2023-05-22,83.49
2023-05-23,82.55
2023-05-25,81.5
2023-05-26,81.61
2023-05-30,81.72
2023-05-31,75.85
2023-06-01,71.22
2023-06-02,71.94
2023-06-05,81.31
2023-06-06,78.69
2023-06-07,79.37
2023-06-08,79.7
2023-06-09,85.22
2023-06-12,87.76
2023-06-13,91.32
2023-06-14,94.7
2023-06-15,95.68
2023-06-16,92.59
2023-06-20,97.25
2023-06-21,94.78
2023-06-22,92.83
2023-06-23,93.12
2023-06-26,94.53
2023-06-27,94.59
2023-06-28,94.72
2023-06-29,94.76
2023-06-30,96.48
2023-07-03,88.17
2023-07-05,86.38
2023-07-06,83.79
2023-07-07,82.66
2023-07-10,79.77
2023-07-11,79.01
2023-07-12,78.22
2023-07-13,76.7
2023-07-14,76.88
2023-07-17,76.67
2023-07-18,75.94
2023-07-19,75.16
2023-07-20,74.74
2023-07-21,75.65
2023-07-24,78.07
2023-07-25,78.29
2023-07-26,77.67
2023-07-27,77.48
2023-07-28,78.0
2023-07-31,78.39
2023-08-01,75.33
2023-08-02,75.66
2023-08-03,79.36
2023-08-04,78.76
2023-08-07,77.86
2023-08-08,79.7
2023-08-09,85.76
2023-08-10,83.91
2023-08-11,82.69
2023-08-14,81.76
2023-08-15,84.74
2023-08-16,84.85
2023-08-17,84.52
2023-08-18,84.72
2023-08-21,89.88
2023-08-22,94.56
2023-08-23,94.69
2023-08-24,93.08
2023-08-25,94.29
2023-08-28,94.35
2023-08-29,94.32
2023-08-30,94.32
2023-08-31,96.95
2023-09-01,96.76
2023-09-05,95.22
2023-09-06,91.96
2023-09-07,93.04
2023-09-08,94.08
2023-09-11,97.42
2023-09-12,95.59
2023-09-13,93.39
2023-09-14,93.05
2023-09-15,92.13
2023-09-18,94.39
2023-09-19,96.92
2023-09-20,97.88
2023-09-21,99.45
2023-09-22,100.97
2023-09-25,100.95
2023-09-26,100.88
2023-09-27,101.35
2023-09-28,100.91
2023-09-29,100.72
2023-10-02,85.11
2023-10-03,77.55
2023-10-04,82.54
2023-10-05,78.75
2023-10-06,79.23
2023-10-09,91.01
2023-10-10,95.75
2023-10-11,91.8
2023-10-12,92.74
2023-10-13,91.68
2023-10-16,88.09
2023-10-17,83.9
2023-10-18,85.53
2023-10-19,86.29
2023-10-20,87.2
2023-10-23,86.64
2023-10-24,86.04
2023-10-25,86.56
2023-10-26,86.05
2023-10-27,88.16
2023-10-30,87.41
2023-10-31,92.26
2023-11-01,85.89
2023-11-02,81.12
2023-11-03,81.44
2023-11-06,82.56
2023-11-07,87.94
2023-11-08,87.87
2023-11-09,91.12
2023-11-10,89.13
2023-11-13,85.04
2023-11-14,83.83
2023-11-15,86.07
2023-11-16,84.12
2023-11-17,83.37
2023-11-20,89.26
2023-11-21,88.96
2023-11-22,88.99
2023-11-24,90.07
2023-11-27,89.97
2023-11-28,90.72
2023-11-29,91.12
2023-11-30,89.93
2023-12-01,93.91
2023-12-04,88.71
2023-12-05,87.27
2023-12-06,88.05
2023-12-07,91.05
2023-12-08,90.52
2023-12-11,81.46
2023-12-12,77.29
2023-12-13,77.19
2023-12-14,74.23
2023-12-15,73.62
2023-12-18,72.29
2023-12-19,71.23
2023-12-20,72.07
2023-12-21,73.83
2023-12-22,72.88
2023-12-26,72.88
2023-12-27,68.22
2023-12-28,68.28
2023-12-29,69.52
2024-01-02,89.29
2024-01-03,97.05
2024-01-04,96.17
2024-01-05,95.37
2024-01-08,85.79
2024-01-09,81.59
2024-01-10,80.95
2024-01-11,79.54
2024-01-12,79.65
2024-01-16,78.55
2024-01-17,76.26
2024-01-18,76.41
2024-01-19,76.65
2024-01-22,74.97
2024-01-23,75.41
2024-01-24,76.47
2024-01-25,76.51
2024-01-26,76.18
2024-01-29,76.46
2024-01-30,76.57
2024-01-31,73.68
2024-02-01,69.17
2024-02-02,69.48
2024-02-05,70.5
2024-02-06,71.9
2024-02-07,70.48
2024-02-08,68.12
2024-02-09,64.65
2024-02-12,62.03
2024-02-13,61.37
2024-02-14,59.98
2024-02-15,59.04
2024-02-16,58.65
2024-02-20,59.94
2024-02-21,60.87
2024-02-22,60.5
2024-02-23,61.32
2024-02-26,61.29
2024-02-27,61.21
2024-02-28,61.34
2024-02-29,59.53
2024-03-01,61.27
2024-03-04,60.77
2024-03-05,63.12
2024-03-06,63.45
2024-03-07,62.37
2024-03-08,61.26
2024-03-11,56.43
2024-03-12,58.2
2024-03-13,59.37
2024-03-14,60.07
2024-03-15,61.43
2024-03-18,62.11
2024-03-19,62.83
2024-03-20,61.72
2024-03-21,61.84
2024-03-22,62.23
2024-03-25,63.57
2024-03-26,63.18
2024-03-27,63.59
2024-03-28,64.1
2024-04-01,54.58
2024-04-02,51.96
2024-04-03,51.25
2024-04-04,50.34
2024-04-05,50.58
2024-04-08,52.84
2024-04-09,54.38
2024-04-10,53.16
2024-04-11,56.59
2024-04-12,58.2
2024-04-15,61.89
2024-04-16,64.49
2024-04-17,63.06
2024-04-18,62.67
2024-04-19,62.54
2024-04-22,62.41
2024-04-23,62.86
2024-04-24,62.8
2024-04-25,63.12
2024-04-26,62.86
2024-04-29,62.36
2024-04-30,60.47
2024-05-01,60.47
2024-05-02,63.95
2024-05-03,65.29
2024-05-06,66.83
2024-05-07,63.8
2024-05-08,63.65
2024-05-09,66.11
2024-05-10,63.28
2024-05-13,56.25
2024-05-14,56.68
2024-05-15,56.79
2024-05-16,57.02
2024-05-17,59.14
2024-05-20,63.72
2024-05-21,67.58
2024-05-22,67.47
2024-05-23,67.36
2024-05-24,67.41
2024-05-28,66.88
2024-05-29,67.37
2024-05-30,67.21
2024-05-31,73.51
2024-06-04,76.32
2024-06-05,76.24
2024-06-06,74.87
2024-06-07,73.33
2024-06-10,72.78
2024-06-11,71.65
2024-06-12,69.87
2024-06-13,71.0
2024-06-14,70.17
2024-06-17,69.03
2024-06-18,69.95
2024-06-20,72.63
2024-06-21,74.52
2024-06-24,74.02
2024-06-25,88.01
2024-06-26,85.95
2024-06-27,85.7
2024-06-28,85.25
2024-07-01,75.42
2024-07-02,75.67
2024-07-03,72.77
2024-07-05,71.56
2024-07-08,69.8
2024-07-09,67.69
2024-07-10,67.01
2024-07-11,66.61
2024-07-12,65.95
2024-07-15,61.99
2024-07-16,63.23
2024-07-17,62.34
2024-07-18,64.2
2024-07-19,65.34
2024-07-22,66.9
2024-07-23,67.2
2024-07-24,68.29
2024-07-25,68.05
2024-07-26,67.75
2024-07-29,67.88
2024-07-30,67.7
2024-07-31,75.64
2024-08-01,76.56
2024-08-02,75.56
2024-08-05,72.77
2024-08-06,75.5
2024-08-07,75.27
2024-08-08,75.16
2024-08-09,76.67
2024-08-12,83.39
2024-08-13,82.98
2024-08-14,84.41
2024-08-15,84.48
2024-08-16,83.98
2024-08-19,86.34
2024-08-20,84.9
2024-08-21,84.73
2024-08-22,83.23
2024-08-23,82.02
2024-08-26,82.04
2024-08-27,82.45
2024-08-28,82.3
2024-08-29,82.07
2024-08-30,82.05
2024-09-03,88.67
2024-09-04,85.92
2024-09-05,86.5
2024-09-06,90.1
2024-09-09,90.36
2024-09-10,87.83
2024-09-11,87.39
2024-09-12,85.08
2024-09-13,83.9
2024-09-16,80.47
2024-09-17,81.16
2024-09-18,79.81
2024-09-19,78.43
2024-09-20,78.92
2024-09-23,81.96
2024-09-24,81.03
2024-09-25,80.02
2024-09-26,79.48
2024-09-30,78.93
2024-10-01,77.9
2024-10-02,76.37
2024-10-03,75.71
2024-10-04,74.88
2024-10-07,77.75
2024-10-08,78.71
2024-10-09,77.41
2024-10-10,77.79
2024-10-11,75.03
2024-10-14,77.14
2024-10-15,76.86
2024-10-16,74.5
2024-10-17,76.51
2024-10-18,76.76
2024-10-21,79.01
2024-10-22,78.92
2024-10-23,83.81
2024-10-24,85.82
2024-10-25,85.59
2024-10-28,86.43
2024-10-29,86.1
2024-10-30,86.1
2024-10-31,96.08
2024-11-01,98.83
2024-11-04,112.24
2024-11-05,109.87
2024-11-06,110.96
2024-11-07,113.19
2024-11-08,117.98
2024-11-11,114.59
2024-11-12,113.95
2024-11-13,112.41
2024-11-14,113.78
2024-11-15,114.46
2024-11-18,120.3
2024-11-19,119.37
2024-11-20,117.77
2024-11-21,117.37
2024-11-22,117.1
2024-11-25,116.52
2024-11-26,115.02
2024-11-27,114.49
2024-11-29,113.91
2024-12-02,105.03
2024-12-03,105.58
2024-12-04,101.84
2024-12-05,103.72
2024-12-06,101.57
2024-12-09,104.64
2024-12-10,108.43
2024-12-11,110.87
2024-12-12,104.01
2024-12-13,103.62
2024-12-16,96.15
2024-12-17,99.26
2024-12-18,101.46
2024-12-19,106.0
2024-12-20,105.6
2024-12-23,106.86
2024-12-24,107.15
2024-12-26,107.13
2024-12-27,106.56
2024-12-30,108.32
2024-12-31,115.73
2025-01-02,114.92
2025-01-03,112.55
2025-01-06,108.45
2025-01-07,106.87
2025-01-08,103.66
2025-01-09,99.42
2025-01-10,94.34
2025-01-13,112.63
2025-01-14,113.68
2025-01-15,117.32
2025-01-16,112.16
2025-01-17,113.83
2025-01-21,113.99
2025-01-22,113.91
2025-01-23,115.92
2025-01-24,116.25
2025-01-27,113.91
2025-01-28,114.07
2025-01-29,114.07
2025-01-30,114.14
2025-01-31,132.08
2025-02-03,128.26
2025-02-04,125.4
2025-02-05,127.32
2025-02-06,128.89
2025-02-07,130.49
2025-02-10,135.04
2025-02-11,133.59
2025-02-12,133.85
2025-02-13,131.49
2025-02-14,127.15
2025-02-18,124.03
2025-02-19,123.74
2025-02-20,125.19
2025-02-21,129.09
2025-02-24,128.92
2025-02-25,128.85
2025-02-26,128.48
2025-02-27,128.52
2025-02-28,91.57
2025-03-03,97.37
2025-03-04,96.62
2025-03-05,95.64
2025-03-06,93.66
2025-03-07,94.29
2025-03-10,94.71
2025-03-11,93.85
2025-03-12,92.83
2025-03-13,94.47
2025-03-14,95.65
2025-03-20,96.0
2025-03-21,95.47
2025-03-24,94.83
2025-03-25,94.34
2025-03-26,95.16
2025-03-27,94.6
2025-03-28,94.18
2025-03-31,76.57
2025-04-01,74.61
2025-04-02,71.85
2025-04-03,68.52
2025-04-04,67.28
2025-04-11,68.46
2025-04-14,72.62
2025-04-15,72.35
2025-04-16,75.15
2025-04-17,75.26
2025-04-21,75.26
2025-04-22,79.44
2025-04-23,79.66
2025-04-24,79.67
2025-04-25,78.68
2025-04-28,78.02
2025-04-29,77.94
2025-04-30,66.57
2025-05-01,66.57
2025-05-02,68.93
2025-05-05,68.93
2025-05-06,70.74
2025-05-07,70.02
2025-05-08,68.27
2025-05-09,67.16
2025-05-12,70.76
2025-05-13,69.36
2025-05-14,69.04
2025-05-15,71.37
2025-05-16,70.6
2025-05-19,69.39
2025-05-20,69.08
2025-05-21,69.25
2025-05-22,69.27
2025-05-23,66.99
2025-05-27,67.6
2025-05-28,67.24
2025-05-29,67.36
2025-05-30,67.34
2025-06-02,68.74
2025-06-03,68.41
2025-06-04,68.83
2025-06-05,68.54
2025-06-06,70.52
2025-06-09,67.4
2025-06-10,66.51
2025-06-11,66.74
2025-06-12,65.39
2025-06-13,66.12
2025-06-16,66.12
2025-06-17,66.06
2025-06-18,63.9
2025-06-20,63.41
2025-06-23,62.22
2025-06-24,63.05
2025-06-25,64.01
2025-06-26,64.23
2025-06-27,63.67
2025-06-30,78.57
2025-07-01,82.6
2025-07-02,85.52
2025-07-03,84.0
2025-07-07,88.13
2025-07-08,88.67
2025-07-09,87.43
2025-07-10,86.77
2025-07-11,86.0
2025-07-14,86.0
2025-07-15,84.85
2025-07-16,85.13
2025-07-17,84.25
2025-07-18,84.32
2025-07-21,85.73
2025-07-22,86.9
2025-07-23,86.73
2025-07-24,87.15
2025-07-25,87.5
2025-07-28,87.98
2025-07-29,87.62
2025-07-30,87.8
2025-07-31,81.6
2025-08-01,78.51
2025-08-04,77.16
2025-08-05,78.72
2025-08-06,77.88
2025-08-07,77.28
2025-08-08,77.14
2025-08-11,77.52
2025-08-12,77.09
2025-08-13,75.62
2025-08-14,75.25
2025-08-15,74.69
2025-08-18,74.85
2025-08-19,74.69
2025-08-20,75.25
2025-08-21,75.36
2025-08-22,75.76
2025-08-25,75.76
2025-08-26,76.08
2025-08-27,76.65
2025-08-28,76.84
2025-08-29,77.06
2025-09-02,85.7
2025-09-03,85.89
2025-09-04,86.13
2025-09-05,86.46
2025-09-08,86.33
2025-09-09,84.63
2025-09-10,82.47
2025-09-11,80.2
2025-09-12,80.71
2025-09-15,82.25
2025-09-16,82.89
2025-09-17,83.3
2025-09-18,84.0
2025-09-19,83.21
2025-09-22,81.02
2025-09-23,79.59
2025-09-24,80.75
2025-09-25,82.0
2025-09-26,83.07
2025-09-29,83.51
2025-09-30,86.06
2025-10-01,84.88
2025-10-02,83.26
2025-10-03,90.35
2025-10-06,96.97
2025-10-07,96.3
2025-10-08,95.75
2025-10-09,94.59
2025-10-10,93.93
2025-10-13,90.79
2025-10-14,92.1
2025-10-15,90.57
2025-10-16,89.55
2025-10-17,89.11
2025-10-20,89.06
2025-10-21,87.28
2025-10-22,86.34
2025-10-23,86.04
2025-10-24,86.21
2025-10-27,85.35
2025-10-28,90.57
2025-10-29,89.76
2025-10-30,84.4
2025-10-31,99.64
2025-11-03,109.75
2025-11-04,114.37
2025-11-05,107.37
2025-11-06,103.43
2025-11-07,103.15
2025-11-10,97.86
2025-11-11,94.55
2025-11-12,95.59
2025-11-13,97.96
2025-11-14,97.19
2025-11-17,100.41
2025-11-18,101.55
2025-11-19,100.72
2025-11-20,100.61
2025-11-21,100.4
2025-11-24,105.02
2025-11-25,102.81
2025-11-26,101.93
2025-11-28,101.91
2025-12-01,98.13
2025-12-02,92.29
2025-12-03,92.16
2025-12-04,89.38
2025-12-05,87.67
2025-12-08,91.33
2025-12-09,92.26
2025-12-10,93.88
2025-12-11,96.97
2025-12-12,96.88
2025-12-15,95.33
2025-12-16,95.2
2025-12-17,94.71
2025-12-18,92.68
2025-12-19,92.85
2025-12-22,92.0
2025-12-23,92.94
2025-12-24,93.05
2025-12-26,93.05
2025-12-29,93.35
2025-12-30,93.47
2025-12-31,97.75
2026-01-02,101.75
2026-01-05,93.49
2026-01-06,98.17
2026-01-07,102.3
2026-01-08,99.87
2026-01-09,100.81
2026-01-12,109.61
2026-01-13,115.51
2026-01-14,115.69
2026-01-15,115.21
2026-01-16,116.93
2026-01-20,112.78
2026-01-21,112.72
2026-01-22,111.39
2026-01-23,111.12
2026-01-26,110.35
2026-01-27,110.05
2026-01-28,109.84
2026-01-29,109.9
2026-01-30,110.09
2026-02-02,110.6
2026-02-03,106.99
2026-02-04,107.89
2026-02-05,106.99
2026-02-06,108.15
2026-02-09,103.94
2026-02-10,103.8
2026-02-11,102.35
2026-02-12,104.17
2026-02-13,101.22
2026-02-17,95.93
2026-02-18,96.28
2026-02-19,96.74
2026-02-20,96.49
2026-02-23,97.08
2026-02-24,97.65
2026-02-25,97.75
2026-02-26,96.98
2026-02-27,96.58
2026-03-02,90.24
2026-03-03,100.57
2026-03-04,95.25
2026-03-05,93.79
2026-03-06,94.58
2026-03-09,95.43
2026-03-10,94.43
2026-03-11,96.63
2026-03-12,98.8
2026-03-13,99.08
2026-03-16,100.17
2026-03-17,100.37
2026-03-18,99.45
2026-03-19,102.39
2026-03-20,100.52
2026-03-23,100.74
2026-03-24,100.1
