# Source: yfinance TTF=F | Downloaded: 2026-05-10T08:13:37.029995
date,ttf_gas
2018-01-02,19.31999969482422
2018-01-03,19.325000762939453
2018-01-04,19.200000762939453
2018-01-05,18.915000915527344
2018-01-08,19.049999237060547
2018-01-09,19.434999465942383
2018-01-10,19.325000762939453
2018-01-11,19.31999969482422
2018-01-12,19.80500030517578
2018-01-16,18.899999618530273
2018-01-17,18.440000534057617
2018-01-18,18.350000381469727
2018-01-19,18.190000534057617
2018-01-22,18.545000076293945
2018-01-23,18.200000762939453
2018-01-24,17.790000915527344
2018-01-25,17.780000686645508
2018-01-26,17.780000686645508
2018-01-29,17.395000457763672
2018-01-30,17.40999984741211
2018-01-31,17.8799991607666
2018-02-01,18.149999618530273
2018-02-02,18.15999984741211
2018-02-05,17.59000015258789
2018-02-06,17.8799991607666
2018-02-07,18.155000686645508
2018-02-08,17.739999771118164
2018-02-09,17.899999618530273
2018-02-12,17.950000762939453
2018-02-13,18.30500030517578
2018-02-14,18.075000762939453
2018-02-15,17.790000915527344
2018-02-16,18.165000915527344
2018-02-20,19.770000457763672
2018-02-21,19.780000686645508
2018-02-22,19.940000534057617
2018-02-23,20.40999984741211
2018-02-26,18.690000534057617
2018-02-27,19.19499969482422
2018-02-28,17.350000381469727
2018-03-01,17.559999465942383
2018-03-02,17.80500030517578
2018-03-05,17.514999389648438
2018-03-06,17.700000762939453
2018-03-07,17.829999923706055
2018-03-08,18.315000534057617
2018-03-09,18.940000534057617
2018-03-12,19.709999084472656
2018-03-13,19.46500015258789
2018-03-14,18.614999771118164
2018-03-15,18.799999237060547
2018-03-16,18.655000686645508
2018-03-19,18.700000762939453
2018-03-20,19.174999237060547
2018-03-21,19.389999389648438
2018-03-22,19.010000228881836
2018-03-23,18.44499969482422
2018-03-26,17.989999771118164
2018-03-27,18.4950008392334
2018-03-28,18.3700008392334
2018-03-29,18.225000381469727
2018-04-02,18.225000381469727
2018-04-03,18.040000915527344
2018-04-04,18.184999465942383
2018-04-05,18.1299991607666
2018-04-06,18.18000030517578
2018-04-09,18.645000457763672
2018-04-10,18.84000015258789
2018-04-11,19.2549991607666
2018-04-12,19.21500015258789
2018-04-13,19.56999969482422
2018-04-16,19.350000381469727
2018-04-17,19.014999389648438
2018-04-18,19.309999465942383
2018-04-19,19.860000610351562
2018-04-20,19.799999237060547
2018-04-23,19.889999389648438
2018-04-24,19.674999237060547
2018-04-25,19.8799991607666
2018-04-26,20.149999618530273
2018-04-27,20.264999389648438
2018-04-30,20.559999465942383
2018-05-01,20.094999313354492
2018-05-02,19.864999771118164
2018-05-03,19.950000762939453
2018-05-04,20.420000076293945
2018-05-07,20.420000076293945
2018-05-08,20.600000381469727
2018-05-09,20.844999313354492
2018-05-10,21.0049991607666
2018-05-11,21.264999389648438
2018-05-14,21.625
2018-05-15,21.540000915527344
2018-05-16,21.670000076293945
2018-05-17,22.299999237060547
2018-05-18,22.05500030517578
2018-05-21,22.375
2018-05-22,22.905000686645508
2018-05-23,22.71500015258789
2018-05-24,22.69499969482422
2018-05-25,21.80500030517578
2018-05-29,22.655000686645508
2018-05-30,22.985000610351562
2018-05-31,22.579999923706055
2018-06-01,21.774999618530273
2018-06-04,21.905000686645508
2018-06-05,21.43000030517578
2018-06-06,21.31999969482422
2018-06-07,21.665000915527344
2018-06-08,21.540000915527344
2018-06-11,21.350000381469727
2018-06-12,21.78499984741211
2018-06-13,22.3799991607666
2018-06-14,22.354999542236328
2018-06-15,21.75
2018-06-18,22.139999389648438
2018-06-19,21.69499969482422
2018-06-20,21.5
2018-06-21,21.545000076293945
2018-06-22,21.655000686645508
2018-06-25,21.545000076293945
2018-06-26,21.4950008392334
2018-06-27,22.03499984741211
2018-06-28,21.959999084472656
2018-06-29,21.875
2018-07-02,22.239999771118164
2018-07-03,22.260000228881836
2018-07-05,22.46500015258789
2018-07-06,22.354999542236328
2018-07-09,22.729999542236328
2018-07-10,22.729999542236328
2018-07-11,22.579999923706055
2018-07-12,21.969999313354492
2018-07-13,22.264999389648438
2018-07-16,22.020000457763672
2018-07-17,21.850000381469727
2018-07-18,22.139999389648438
2018-07-19,22.155000686645508
2018-07-20,21.875
2018-07-23,22.030000686645508
2018-07-24,22.094999313354492
2018-07-25,22.170000076293945
2018-07-26,22.114999771118164
2018-07-27,21.889999389648438
2018-07-30,22.059999465942383
2018-07-31,22.114999771118164
2018-08-01,21.93000030517578
2018-08-02,21.934999465942383
2018-08-03,22.260000228881836
2018-08-06,22.5
2018-08-07,22.610000610351562
2018-08-08,22.600000381469727
2018-08-09,22.71500015258789
2018-08-10,22.8799991607666
2018-08-13,23.5
2018-08-14,23.725000381469727
2018-08-15,23.520000457763672
2018-08-16,23.834999084472656
2018-08-17,24.155000686645508
2018-08-20,24.18000030517578
2018-08-21,24.405000686645508
2018-08-22,24.450000762939453
2018-08-23,24.760000228881836
2018-08-24,24.975000381469727
2018-08-27,25.40999984741211
2018-08-28,25.360000610351562
2018-08-29,25.8700008392334
2018-08-30,26.1299991607666
2018-08-31,25.834999084472656
2018-09-04,26.709999084472656
2018-09-05,27.020000457763672
2018-09-06,27.454999923706055
2018-09-07,27.989999771118164
2018-09-10,29.125
2018-09-11,28.780000686645508
2018-09-12,27.4950008392334
2018-09-13,26.809999465942383
2018-09-14,26.93000030517578
2018-09-17,28.075000762939453
2018-09-18,27.40999984741211
2018-09-19,28.31999969482422
2018-09-20,28.59000015258789
2018-09-21,28.725000381469727
2018-09-24,29.2450008392334
2018-09-25,29.229999542236328
2018-09-26,28.260000228881836
2018-09-27,27.575000762939453
2018-09-28,27.329999923706055
2018-10-01,27.44499969482422
2018-10-02,27.2549991607666
2018-10-03,27.114999771118164
2018-10-04,27.469999313354492
2018-10-05,27.899999618530273
2018-10-08,27.219999313354492
2018-10-09,26.834999084472656
2018-10-10,26.219999313354492
2018-10-11,25.760000228881836
2018-10-12,26.6299991607666
2018-10-15,26.625
2018-10-16,26.329999923706055
2018-10-17,25.940000534057617
2018-10-18,26.024999618530273
2018-10-19,26.860000610351562
2018-10-22,26.114999771118164
2018-10-23,25.665000915527344
2018-10-24,25.260000228881836
2018-10-25,24.864999771118164
2018-10-26,24.280000686645508
2018-10-29,24.579999923706055
2018-10-30,23.875
2018-10-31,24.334999084472656
2018-11-01,23.649999618530273
2018-11-02,24.28499984741211
2018-11-05,23.809999465942383
2018-11-06,23.895000457763672
2018-11-07,24.420000076293945
2018-11-08,24.43000030517578
2018-11-09,24.325000762939453
2018-11-12,25.954999923706055
2018-11-13,26.520000457763672
2018-11-14,26.280000686645508
2018-11-15,26.674999237060547
2018-11-16,25.954999923706055
2018-11-19,24.149999618530273
2018-11-20,24.350000381469727
2018-11-21,24.5
2018-11-23,24.81999969482422
2018-11-26,24.545000076293945
2018-11-27,25.15999984741211
2018-11-28,24.299999237060547
2018-11-29,24.635000228881836
2018-11-30,24.690000534057617
2018-12-03,25.084999084472656
2018-12-04,24.415000915527344
2018-12-06,23.165000915527344
2018-12-07,23.145000457763672
2018-12-10,23.25
2018-12-11,23.6200008392334
2018-12-12,23.920000076293945
2018-12-13,24.225000381469727
2018-12-14,24.645000457763672
2018-12-17,24.68000030517578
2018-12-18,23.729999542236328
2018-12-19,24.209999084472656
2018-12-20,24.604999542236328
2018-12-21,24.899999618530273
2018-12-24,24.2450008392334
2018-12-26,24.2450008392334
2018-12-27,23.31999969482422
2018-12-28,22.809999465942383
2018-12-31,21.979999542236328
2019-01-02,22.475000381469727
2019-01-03,22.2549991607666
2019-01-04,22.93000030517578
2019-01-07,21.530000686645508
2019-01-08,22.09000015258789
2019-01-09,21.719999313354492
2019-01-10,21.674999237060547
2019-01-11,22.2549991607666
2019-01-14,21.674999237060547
2019-01-15,22.0
2019-01-16,22.0049991607666
2019-01-17,22.9950008392334
2019-01-18,22.604999542236328
2019-01-22,21.815000534057617
2019-01-23,22.190000534057617
2019-01-24,21.280000686645508
2019-01-25,20.889999389648438
2019-01-28,20.549999237060547
2019-01-29,20.584999084472656
2019-01-30,20.18000030517578
2019-01-31,19.850000381469727
2019-02-01,19.299999237060547
2019-02-04,19.354999542236328
2019-02-05,19.139999389648438
2019-02-06,18.915000915527344
2019-02-07,18.90999984741211
2019-02-08,18.264999389648438
2019-02-11,18.05500030517578
2019-02-12,17.78499984741211
2019-02-13,18.020000457763672
2019-02-14,17.7549991607666
2019-02-15,18.100000381469727
2019-02-19,17.704999923706055
2019-02-20,18.145000457763672
2019-02-21,17.520000457763672
2019-02-22,17.229999542236328
2019-02-25,16.94499969482422
2019-02-26,17.045000076293945
2019-02-27,17.614999771118164
2019-02-28,17.815000534057617
2019-03-01,17.31999969482422
2019-03-04,17.399999618530273
2019-03-05,17.18000030517578
2019-03-06,16.850000381469727
2019-03-07,16.8700008392334
2019-03-08,16.729999542236328
2019-03-11,16.625
2019-03-12,16.209999084472656
2019-03-13,15.725000381469727
2019-03-14,15.604999542236328
2019-03-15,15.25
2019-03-18,14.979999542236328
2019-03-19,15.005000114440918
2019-03-20,15.21500015258789
2019-03-21,14.5649995803833
2019-03-22,14.454999923706055
2019-03-25,14.1850004196167
2019-03-26,14.385000228881836
2019-03-27,14.994999885559082
2019-03-28,14.430000305175781
2019-03-29,14.21500015258789
2019-04-01,13.845000267028809
2019-04-02,13.454999923706055
2019-04-03,14.1899995803833
2019-04-04,14.805000305175781
2019-04-05,16.635000228881836
2019-04-08,15.96500015258789
2019-04-09,16.7549991607666
2019-04-10,15.729999542236328
2019-04-11,15.994999885559082
2019-04-12,15.854999542236328
2019-04-15,15.010000228881836
2019-04-16,14.835000038146973
2019-04-17,15.194999694824219
2019-04-18,14.460000038146973
2019-04-22,14.460000038146973
2019-04-23,14.420000076293945
2019-04-24,14.265000343322754
2019-04-25,14.53499984741211
2019-04-26,14.425000190734863
2019-04-29,14.524999618530273
2019-04-30,14.390000343322754
2019-05-01,14.055000305175781
2019-05-02,14.364999771118164
2019-05-03,14.5649995803833
2019-05-06,14.335000038146973
2019-05-07,14.154999732971191
2019-05-08,14.319999694824219
2019-05-09,14.454999923706055
2019-05-10,13.994999885559082
2019-05-13,13.760000228881836
2019-05-14,13.78499984741211
2019-05-15,13.854999542236328
2019-05-16,13.385000228881836
2019-05-17,12.854999542236328
2019-05-20,12.904999732971191
2019-05-21,12.704999923706055
2019-05-22,12.649999618530273
2019-05-23,12.595000267028809
2019-05-24,12.25
2019-05-28,12.520000457763672
2019-05-29,12.225000381469727
2019-05-30,11.475000381469727
2019-05-31,11.204999923706055
2019-06-03,11.100000381469727
2019-06-04,11.90999984741211
2019-06-05,11.600000381469727
2019-06-06,11.104999542236328
2019-06-07,11.520000457763672
2019-06-10,11.805000305175781
2019-06-11,11.199999809265137
2019-06-12,11.140000343322754
2019-06-13,11.395000457763672
2019-06-14,11.319999694824219
2019-06-17,11.569999694824219
2019-06-18,11.03499984741211
2019-06-19,10.484999656677246
2019-06-20,10.149999618530273
2019-06-21,10.354999542236328
2019-06-24,10.199999809265137
2019-06-25,9.845000267028809
2019-06-26,9.619999885559082
2019-06-27,9.375
2019-06-28,10.114999771118164
2019-07-01,10.364999771118164
2019-07-02,10.225000381469727
2019-07-03,10.295000076293945
2019-07-05,11.21500015258789
2019-07-08,11.880000114440918
2019-07-09,11.760000228881836
2019-07-10,12.135000228881836
2019-07-11,13.130000114440918
2019-07-12,13.279999732971191
2019-07-15,12.895000457763672
2019-07-16,11.414999961853027
2019-07-17,10.989999771118164
2019-07-18,10.734999656677246
2019-07-19,10.8149995803833
2019-07-22,10.15999984741211
2019-07-23,10.75
2019-07-24,10.074999809265137
2019-07-25,10.024999618530273
2019-07-26,9.96500015258789
2019-07-29,9.8100004196167
2019-07-30,9.789999961853027
2019-07-31,11.0
2019-08-01,12.359999656677246
2019-08-02,12.015000343322754
2019-08-05,11.46500015258789
2019-08-06,10.949999809265137
2019-08-07,11.40999984741211
2019-08-08,12.074999809265137
2019-08-09,12.024999618530273
2019-08-12,11.420000076293945
2019-08-13,11.859999656677246
2019-08-14,11.180000305175781
2019-08-15,11.225000381469727
2019-08-16,10.954999923706055
2019-08-19,10.78499984741211
2019-08-20,11.21500015258789
2019-08-21,11.414999961853027
2019-08-22,10.989999771118164
2019-08-23,10.585000038146973
2019-08-26,10.3149995803833
2019-08-27,10.069999694824219
2019-08-28,10.234999656677246
2019-08-29,10.71500015258789
2019-08-30,12.795000076293945
2019-09-03,12.100000381469727
2019-09-04,11.960000038146973
2019-09-05,12.234999656677246
2019-09-06,12.350000381469727
2019-09-09,12.234999656677246
2019-09-10,14.404999732971191
2019-09-11,14.354999542236328
2019-09-12,14.46500015258789
2019-09-13,14.710000038146973
2019-09-16,15.335000038146973
2019-09-17,13.4399995803833
2019-09-18,12.4350004196167
2019-09-19,12.255000114440918
2019-09-20,12.710000038146973
2019-09-23,12.244999885559082
2019-09-24,12.34000015258789
2019-09-25,11.949999809265137
2019-09-26,12.045000076293945
2019-09-27,11.9399995803833
2019-09-30,16.389999389648438
2019-10-01,16.760000228881836
2019-10-02,16.0049991607666
2019-10-03,16.010000228881836
2019-10-04,15.770000457763672
2019-10-07,15.505000114440918
2019-10-08,15.640000343322754
2019-10-09,15.574999809265137
2019-10-10,15.850000381469727
2019-10-11,16.135000228881836
2019-10-14,16.040000915527344
2019-10-15,16.065000534057617
2019-10-16,16.075000762939453
2019-10-17,16.024999618530273
2019-10-18,15.96500015258789
2019-10-21,15.609999656677246
2019-10-22,15.595000267028809
2019-10-23,15.414999961853027
2019-10-24,15.654999732971191
2019-10-25,15.234999656677246
2019-10-28,14.390000343322754
2019-10-29,13.835000038146973
2019-10-30,13.779999732971191
2019-10-31,16.135000228881836
2019-11-01,16.174999237060547
2019-11-04,16.479999542236328
2019-11-05,16.790000915527344
2019-11-06,16.280000686645508
2019-11-07,16.1200008392334
2019-11-08,15.9399995803833
2019-11-11,15.845000267028809
2019-11-12,15.545000076293945
2019-11-13,15.449999809265137
2019-11-14,15.670000076293945
2019-11-15,15.71500015258789
2019-11-18,15.229999542236328
2019-11-19,15.289999961853027
2019-11-20,15.59000015258789
2019-11-21,15.625
2019-11-22,16.049999237060547
2019-11-25,16.235000610351562
2019-11-26,15.850000381469727
2019-11-27,15.979999542236328
2019-11-29,16.329999923706055
2019-12-02,15.8100004196167
2019-12-03,15.770000457763672
2019-12-04,15.880000114440918
2019-12-05,15.414999961853027
2019-12-06,15.140000343322754
2019-12-09,14.890000343322754
2019-12-10,14.529999732971191
2019-12-11,14.045000076293945
2019-12-12,14.770000457763672
2019-12-13,13.805000305175781
2019-12-16,13.890000343322754
2019-12-17,14.460000038146973
2019-12-18,14.949999809265137
2019-12-19,15.005000114440918
2019-12-20,14.234999656677246
2019-12-23,13.024999618530273
2019-12-24,12.604999542236328
2019-12-26,12.604999542236328
2019-12-27,12.765000343322754
2019-12-30,12.295000076293945
2019-12-31,12.050000190734863
2020-01-02,12.074999809265137
2020-01-03,12.984999656677246
2020-01-06,12.279999732971191
2020-01-07,11.930000305175781
2020-01-08,11.96500015258789
2020-01-09,12.180000305175781
2020-01-10,11.9399995803833
2020-01-13,12.055000305175781
2020-01-14,11.305000305175781
2020-01-15,11.180000305175781
2020-01-16,11.114999771118164
2020-01-17,10.930000305175781
2020-01-21,10.774999618530273
2020-01-22,10.454999923706055
2020-01-23,10.430000305175781
2020-01-24,10.454999923706055
2020-01-27,10.524999618530273
2020-01-28,10.789999961853027
2020-01-29,10.149999618530273
2020-01-30,9.779999732971191
2020-01-31,9.755000114440918
2020-02-03,9.210000038146973
2020-02-04,9.364999771118164
2020-02-05,9.3149995803833
2020-02-06,9.149999618530273
2020-02-07,9.069999694824219
2020-02-10,8.645000457763672
2020-02-11,8.555000305175781
2020-02-12,8.720000267028809
2020-02-13,8.890000343322754
2020-02-14,8.880000114440918
2020-02-18,9.380000114440918
2020-02-19,9.569999694824219
2020-02-20,9.5649995803833
2020-02-21,9.40999984741211
2020-02-24,9.045000076293945
2020-02-25,9.005000114440918
2020-02-26,9.069999694824219
2020-02-27,8.869999885559082
2020-02-28,8.875
2020-03-02,8.885000228881836
2020-03-03,9.170000076293945
2020-03-04,8.90999984741211
2020-03-05,8.850000381469727
2020-03-06,8.645000457763672
2020-03-09,8.625
2020-03-10,8.994999885559082
2020-03-11,9.369999885559082
2020-03-12,9.324999809265137
2020-03-13,9.28499984741211
2020-03-16,8.739999771118164
2020-03-17,8.470000267028809
2020-03-18,8.265000343322754
2020-03-19,8.545000076293945
2020-03-20,8.295000076293945
2020-03-23,7.849999904632568
2020-03-24,7.909999847412109
2020-03-25,7.744999885559082
2020-03-26,7.574999809265137
2020-03-27,7.21999979019165
2020-03-30,6.894999980926514
2020-03-31,6.900000095367432
2020-04-01,6.824999809265137
2020-04-02,6.934999942779541
2020-04-03,6.920000076293945
2020-04-06,7.284999847412109
2020-04-07,7.284999847412109
2020-04-08,7.260000228881836
2020-04-09,7.28000020980835
2020-04-13,7.28000020980835
2020-04-14,6.875
2020-04-15,6.650000095367432
2020-04-16,6.90500020980835
2020-04-17,6.994999885559082
2020-04-20,6.619999885559082
2020-04-21,6.315000057220459
2020-04-22,6.224999904632568
2020-04-23,6.054999828338623
2020-04-24,5.769999980926514
2020-04-27,5.940000057220459
2020-04-28,6.144999980926514
2020-04-29,6.014999866485596
2020-04-30,6.21999979019165
2020-05-01,5.84499979019165
2020-05-04,5.739999771118164
2020-05-05,5.675000190734863
2020-05-06,5.764999866485596
2020-05-07,5.84499979019165
2020-05-08,5.829999923706055
2020-05-11,5.704999923706055
2020-05-12,5.315000057220459
2020-05-13,5.119999885559082
2020-05-14,5.264999866485596
2020-05-15,5.21999979019165
2020-05-18,4.920000076293945
2020-05-19,4.610000133514404
2020-05-20,4.460000038146973
2020-05-21,3.825000047683716
2020-05-22,3.890000104904175
2020-05-26,4.125
2020-05-27,3.694999933242798
2020-05-28,3.509999990463257
2020-05-29,4.385000228881836
2020-06-01,4.054999828338623
2020-06-02,4.849999904632568
2020-06-03,5.329999923706055
2020-06-04,5.389999866485596
2020-06-05,5.710000038146973
2020-06-08,5.25
2020-06-09,4.804999828338623
2020-06-10,4.800000190734863
2020-06-11,4.989999771118164
2020-06-12,5.275000095367432
2020-06-15,5.514999866485596
2020-06-16,5.260000228881836
2020-06-17,5.210000038146973
2020-06-18,5.449999809265137
2020-06-19,5.614999771118164
2020-06-22,5.494999885559082
2020-06-23,5.829999923706055
2020-06-24,5.664999961853027
2020-06-25,5.255000114440918
2020-06-26,5.105000019073486
2020-06-29,5.840000152587891
2020-06-30,6.164999961853027
2020-07-01,5.864999771118164
2020-07-02,5.945000171661377
2020-07-06,6.09499979019165
2020-07-07,6.125
2020-07-08,5.934999942779541
2020-07-09,5.755000114440918
2020-07-10,5.474999904632568
2020-07-13,5.110000133514404
2020-07-14,5.085000038146973
2020-07-15,5.224999904632568
2020-07-16,5.059999942779541
2020-07-17,5.114999771118164
2020-07-20,4.730000019073486
2020-07-21,4.789999961853027
2020-07-22,4.829999923706055
2020-07-23,4.985000133514404
2020-07-24,5.010000228881836
2020-07-27,4.784999847412109
2020-07-28,4.960000038146973
2020-07-29,5.175000190734863
2020-07-30,5.224999904632568
2020-07-31,6.025000095367432
2020-08-03,6.800000190734863
2020-08-04,7.355000019073486
2020-08-05,7.320000171661377
2020-08-06,7.940000057220459
2020-08-07,7.929999828338623
2020-08-10,7.590000152587891
2020-08-11,7.414999961853027
2020-08-12,7.170000076293945
2020-08-13,7.309999942779541
2020-08-14,8.020000457763672
2020-08-17,8.180000305175781
2020-08-18,8.550000190734863
2020-08-19,8.354999542236328
2020-08-20,8.149999618530273
2020-08-21,7.619999885559082
2020-08-24,8.359999656677246
2020-08-25,8.864999771118164
2020-08-26,9.149999618530273
2020-08-27,8.869999885559082
2020-08-28,11.170000076293945
2020-08-31,11.239999771118164
2020-09-01,11.295000076293945
2020-09-02,11.109999656677246
2020-09-03,11.734999656677246
2020-09-04,11.680000305175781
2020-09-08,10.800000190734863
2020-09-09,10.734999656677246
2020-09-10,10.515000343322754
2020-09-11,10.494999885559082
2020-09-14,10.704999923706055
2020-09-15,10.895000457763672
2020-09-16,11.319999694824219
2020-09-17,11.119999885559082
2020-09-18,11.475000381469727
2020-09-21,11.494999885559082
2020-09-22,11.704999923706055
2020-09-23,12.020000457763672
2020-09-24,11.635000228881836
2020-09-25,11.664999961853027
2020-09-28,12.350000381469727
2020-09-29,12.279999732971191
2020-09-30,13.28499984741211
2020-10-01,13.180000305175781
2020-10-02,13.024999618530273
2020-10-05,13.420000076293945
2020-10-06,13.305000305175781
2020-10-07,13.710000038146973
2020-10-08,13.899999618530273
2020-10-09,13.755000114440918
2020-10-12,13.84000015258789
2020-10-13,13.595000267028809
2020-10-14,13.869999885559082
2020-10-15,14.239999771118164
2020-10-16,14.5
2020-10-19,14.720000267028809
2020-10-20,14.895000457763672
2020-10-21,14.864999771118164
2020-10-22,15.255000114440918
2020-10-23,15.40999984741211
2020-10-26,14.864999771118164
2020-10-27,14.744999885559082
2020-10-28,14.484999656677246
2020-10-29,14.21500015258789
2020-10-30,14.0600004196167
2020-11-02,13.654999732971191
2020-11-03,13.664999961853027
2020-11-04,13.885000228881836
2020-11-05,14.454999923706055
2020-11-06,13.899999618530273
2020-11-09,13.854999542236328
2020-11-10,14.03499984741211
2020-11-11,14.095000267028809
2020-11-12,14.0
2020-11-13,14.239999771118164
2020-11-16,14.494999885559082
2020-11-17,13.970000267028809
2020-11-18,13.680000305175781
2020-11-19,13.020000457763672
2020-11-20,12.895000457763672
2020-11-23,13.53499984741211
2020-11-24,13.899999618530273
2020-11-25,13.930000305175781
2020-11-27,14.484999656677246
2020-11-30,15.140000343322754
2020-12-01,14.90999984741211
2020-12-02,14.904999732971191
2020-12-03,14.145000457763672
2020-12-04,14.645000457763672
2020-12-07,14.354999542236328
2020-12-08,14.444999694824219
2020-12-09,14.734999656677246
2020-12-10,15.539999961853027
2020-12-11,15.960000038146973
2020-12-14,16.604999542236328
2020-12-15,17.225000381469727
2020-12-16,16.3799991607666
2020-12-17,15.9399995803833
2020-12-18,15.885000228881836
2020-12-21,16.795000076293945
2020-12-22,17.635000228881836
2020-12-23,17.5049991607666
2020-12-24,17.649999618530273
2020-12-28,19.149999618530273
2020-12-29,18.774999618530273
2020-12-30,19.0
2020-12-31,19.125
2021-01-04,19.844999313354492
2021-01-05,18.0049991607666
2021-01-06,17.565000534057617
2021-01-07,19.30500030517578
2021-01-08,20.1200008392334
2021-01-11,22.125
2021-01-12,26.155000686645508
2021-01-13,21.5
2021-01-14,21.334999084472656
2021-01-15,20.200000762939453
2021-01-19,20.325000762939453
2021-01-20,20.260000228881836
2021-01-21,20.065000534057617
2021-01-22,21.485000610351562
2021-01-25,20.15999984741211
2021-01-26,19.510000228881836
2021-01-27,19.700000762939453
2021-01-28,20.90999984741211
2021-01-29,19.81999969482422
2021-02-01,18.139999389648438
2021-02-02,18.25
2021-02-03,17.854999542236328
2021-02-04,18.1200008392334
2021-02-05,18.3799991607666
2021-02-08,20.18000030517578
2021-02-09,19.045000076293945
2021-02-10,18.559999465942383
2021-02-11,17.375
2021-02-12,17.6200008392334
2021-02-16,16.71500015258789
2021-02-17,16.540000915527344
2021-02-18,17.329999923706055
2021-02-19,16.55500030517578
2021-02-22,15.960000038146973
2021-02-23,16.25
2021-02-24,16.3799991607666
2021-02-25,15.9350004196167
2021-02-26,15.694999694824219
2021-03-01,16.079999923706055
2021-03-02,15.869999885559082
2021-03-03,15.524999618530273
2021-03-04,15.930000305175781
2021-03-05,16.364999771118164
2021-03-08,16.149999618530273
2021-03-09,16.924999237060547
2021-03-10,17.6299991607666
2021-03-11,18.125
2021-03-12,18.450000762939453
2021-03-15,17.93000030517578
2021-03-16,17.65999984741211
2021-03-17,17.969999313354492
2021-03-18,17.760000228881836
2021-03-19,17.264999389648438
2021-03-22,18.045000076293945
2021-03-23,18.389999389648438
2021-03-24,18.59000015258789
2021-03-25,18.364999771118164
2021-03-26,18.700000762939453
2021-03-29,18.44499969482422
2021-03-30,18.80500030517578
2021-03-31,18.9950008392334
2021-04-01,19.170000076293945
2021-04-05,19.170000076293945
2021-04-06,19.780000686645508
2021-04-07,19.28499984741211
2021-04-08,18.989999771118164
2021-04-09,18.940000534057617
2021-04-12,19.649999618530273
2021-04-13,19.510000228881836
2021-04-14,19.68000030517578
2021-04-15,20.260000228881836
2021-04-16,20.540000915527344
2021-04-19,20.940000534057617
2021-04-20,21.065000534057617
2021-04-21,21.110000610351562
2021-04-22,21.3700008392334
2021-04-23,20.045000076293945
2021-04-26,20.0
2021-04-27,21.405000686645508
2021-04-28,21.55500030517578
2021-04-29,22.5
2021-04-30,23.28499984741211
2021-05-03,23.815000534057617
2021-05-04,23.049999237060547
2021-05-05,23.959999084472656
2021-05-06,24.329999923706055
2021-05-07,23.940000534057617
2021-05-10,25.190000534057617
2021-05-11,25.80500030517578
2021-05-12,26.420000076293945
2021-05-13,26.25
2021-05-14,26.829999923706055
2021-05-17,26.309999465942383
2021-05-18,24.809999465942383
2021-05-19,22.665000915527344
2021-05-20,24.684999465942383
2021-05-21,24.795000076293945
2021-05-24,24.760000228881836
2021-05-25,26.190000534057617
2021-05-26,26.424999237060547
2021-05-27,25.200000762939453
2021-05-28,24.93000030517578
2021-06-01,25.975000381469727
2021-06-02,25.725000381469727
2021-06-03,25.704999923706055
2021-06-04,25.795000076293945
2021-06-07,26.489999771118164
2021-06-08,27.799999237060547
2021-06-09,28.299999237060547
2021-06-10,28.684999465942383
2021-06-11,27.844999313354492
2021-06-14,28.809999465942383
2021-06-15,28.135000228881836
2021-06-16,28.030000686645508
2021-06-17,28.309999465942383
2021-06-18,29.405000686645508
2021-06-21,29.614999771118164
2021-06-22,30.735000610351562
2021-06-23,31.545000076293945
2021-06-24,32.01499938964844
2021-06-25,32.3849983215332
2021-06-28,32.28900146484375
2021-06-29,33.486000061035156
2021-06-30,34.62200164794922
2021-07-01,36.143001556396484
2021-07-02,35.82699966430664
2021-07-06,34.10499954223633
2021-07-07,32.3380012512207
2021-07-08,33.3120002746582
2021-07-09,36.63199996948242
2021-07-12,34.64899826049805
2021-07-13,35.4630012512207
2021-07-14,34.775001525878906
2021-07-15,33.797000885009766
2021-07-16,34.84199905395508
2021-07-19,35.64899826049805
2021-07-20,35.165000915527344
2021-07-21,35.94900131225586
2021-07-22,36.12900161743164
2021-07-23,35.52299880981445
2021-07-26,36.91400146484375
2021-07-27,37.59000015258789
2021-07-28,39.698001861572266
2021-07-29,41.15399932861328
2021-07-30,40.75600051879883
2021-08-02,42.15299987792969
2021-08-03,41.24300003051758
2021-08-04,42.25299835205078
2021-08-05,42.89899826049805
2021-08-06,43.11800003051758
2021-08-09,42.7859992980957
2021-08-10,44.654998779296875
2021-08-11,45.986000061035156
2021-08-12,45.87099838256836
2021-08-13,44.62799835205078
2021-08-16,47.987998962402344
2021-08-17,46.94900131225586
2021-08-18,45.3849983215332
2021-08-19,40.39500045776367
2021-08-20,41.944000244140625
2021-08-23,41.68000030517578
2021-08-24,44.869998931884766
2021-08-25,45.28499984741211
2021-08-26,45.78799819946289
2021-08-27,47.805999755859375
2021-08-30,49.67900085449219
2021-08-31,50.3380012512207
2021-09-01,50.231998443603516
2021-09-02,51.91600036621094
2021-09-03,51.505001068115234
2021-09-07,53.90800094604492
2021-09-08,55.28799819946289
2021-09-09,56.58100128173828
2021-09-10,57.91600036621094
2021-09-13,61.27899932861328
2021-09-14,65.76399993896484
2021-09-15,70.70700073242188
2021-09-16,63.250999450683594
2021-09-17,65.10299682617188
2021-09-20,75.31700134277344
2021-09-21,73.78199768066406
2021-09-22,71.69200134277344
2021-09-23,69.68399810791016
2021-09-24,70.23999786376953
2021-09-27,76.50700378417969
2021-09-28,78.56500244140625
2021-09-29,86.60900115966797
2021-09-30,97.77400207519531
2021-10-01,93.625
2021-10-04,96.6520004272461
2021-10-05,116.0199966430664
2021-10-06,108.19100189208984
2021-10-07,96.58399963378906
2021-10-08,87.60600280761719
2021-10-11,85.21600341796875
2021-10-12,85.697998046875
2021-10-13,93.61599731445312
2021-10-14,102.1719970703125
2021-10-15,93.64800262451172
2021-10-18,93.93299865722656
2021-10-19,89.93199920654297
2021-10-20,93.45099639892578
2021-10-21,88.46299743652344
2021-10-22,87.33799743652344
2021-10-25,88.64299774169922
2021-10-26,88.49299621582031
2021-10-27,86.81900024414062
2021-10-28,77.03199768066406
2021-10-29,64.86399841308594
2021-11-01,65.61900329589844
2021-11-02,67.60600280761719
2021-11-03,76.54199981689453
2021-11-04,73.3759994506836
2021-11-05,74.0270004272461
2021-11-08,79.0739974975586
2021-11-09,72.58699798583984
2021-11-10,70.12300109863281
2021-11-11,74.79000091552734
2021-11-12,75.67500305175781
2021-11-15,79.9469985961914
2021-11-16,94.18900299072266
2021-11-17,95.00399780273438
2021-11-18,95.16699981689453
2021-11-19,87.125
2021-11-22,84.01699829101562
2021-11-23,90.927001953125
2021-11-24,93.98400115966797
2021-11-26,87.77200317382812
2021-11-29,93.14600372314453
2021-11-30,92.51300048828125
2021-12-01,95.67500305175781
2021-12-02,94.83000183105469
2021-12-03,89.47799682617188
2021-12-06,89.9280014038086
2021-12-07,95.88300323486328
2021-12-08,101.50199890136719
2021-12-09,100.44499969482422
2021-12-10,105.7760009765625
2021-12-13,116.08399963378906
2021-12-14,128.30099487304688
2021-12-15,132.28399658203125
2021-12-16,142.76499938964844
2021-12-17,136.91299438476562
2021-12-20,146.92599487304688
2021-12-21,180.26699829101562
2021-12-22,172.875
2021-12-23,132.57899475097656
2021-12-27,106.89299774169922
2021-12-28,106.58999633789062
2021-12-29,96.47599792480469
2021-12-30,87.0270004272461
2021-12-31,70.34300231933594
2022-01-03,80.43399810791016
2022-01-04,88.74099731445312
2022-01-05,91.52200317382812
2022-01-06,96.50199890136719
2022-01-07,88.17400360107422
2022-01-10,84.60700225830078
2022-01-11,78.73600006103516
2022-01-12,75.15299987792969
2022-01-13,85.45999908447266
2022-01-14,86.97000122070312
2022-01-18,78.33399963378906
2022-01-19,75.60199737548828
2022-01-20,75.2030029296875
2022-01-21,78.9800033569336
2022-01-24,93.0
2022-01-25,93.58200073242188
2022-01-26,91.83699798583984
2022-01-27,92.3010025024414
2022-01-28,92.06199645996094
2022-01-31,84.6719970703125
2022-02-01,76.16699981689453
2022-02-02,77.35099792480469
2022-02-03,80.2229995727539
2022-02-04,82.6520004272461
2022-02-07,79.59500122070312
2022-02-08,77.30000305175781
2022-02-09,74.41699981689453
2022-02-10,74.35299682617188
2022-02-11,77.4260025024414
2022-02-14,80.77100372314453
2022-02-15,70.91899871826172
2022-02-16,69.79499816894531
2022-02-17,74.91400146484375
2022-02-18,73.76200103759766
2022-02-22,79.78900146484375
2022-02-23,88.89099884033203
2022-02-24,134.3159942626953
2022-02-25,94.4219970703125
2022-02-28,98.59500122070312
2022-03-01,121.67400360107422
2022-03-02,165.54299926757812
2022-03-03,160.822998046875
2022-03-04,192.5500030517578
2022-03-07,227.2010040283203
2022-03-08,214.5540008544922
2022-03-09,155.8800048828125
2022-03-10,126.39900207519531
2022-03-11,131.22900390625
2022-03-14,114.52200317382812
2022-03-15,115.43900299072266
2022-03-16,102.62300109863281
2022-03-17,105.08799743652344
2022-03-18,105.04399871826172
2022-03-21,96.302001953125
2022-03-22,98.74700164794922
2022-03-23,117.0009994506836
2022-03-24,111.60800170898438
2022-03-25,101.26899719238281
2022-03-28,102.54499816894531
2022-03-29,108.38099670410156
2022-03-30,118.97000122070312
2022-03-31,125.90599822998047
2022-04-01,112.1500015258789
2022-04-04,109.52300262451172
2022-04-05,108.56400299072266
2022-04-06,106.79100036621094
2022-04-07,104.56400299072266
2022-04-08,103.88200378417969
2022-04-11,100.13700103759766
2022-04-12,102.21900177001953
2022-04-13,105.3239974975586
2022-04-14,95.62000274658203
2022-04-18,95.62000274658203
2022-04-19,93.76799774169922
2022-04-20,94.23100280761719
2022-04-21,100.06099700927734
2022-04-22,94.875
2022-04-25,92.83699798583984
2022-04-26,103.20800018310547
2022-04-27,107.427001953125
2022-04-28,100.14199829101562
2022-04-29,99.44999694824219
2022-05-02,97.0510025024414
2022-05-03,99.4260025024414
2022-05-04,103.82099914550781
2022-05-05,106.50800323486328
2022-05-06,101.70800018310547
2022-05-09,93.78700256347656
2022-05-10,98.8010025024414
2022-05-11,94.01200103759766
2022-05-12,106.70099639892578
2022-05-13,96.88099670410156
2022-05-16,92.86000061035156
2022-05-17,94.17500305175781
2022-05-18,94.53800201416016
2022-05-19,91.02400207519531
2022-05-20,87.9020004272461
2022-05-23,83.28800201416016
2022-05-24,84.50700378417969
2022-05-25,88.0780029296875
2022-05-26,85.97100067138672
2022-05-27,86.875
2022-05-31,94.00399780273438
2022-06-01,85.5510025024414
2022-06-02,83.94499969482422
2022-06-03,83.10099792480469
2022-06-06,82.55799865722656
2022-06-07,79.60800170898438
2022-06-08,79.40699768066406
2022-06-09,84.87999725341797
2022-06-10,82.46399688720703
2022-06-13,83.4020004272461
2022-06-14,97.04000091552734
2022-06-15,120.33200073242188
2022-06-16,124.36399841308594
2022-06-17,117.73799896240234
2022-06-21,125.55999755859375
2022-06-22,127.1709976196289
2022-06-23,133.3470001220703
2022-06-24,128.5050048828125
2022-06-27,129.45899963378906
2022-06-28,129.17599487304688
2022-06-29,139.58799743652344
2022-06-30,144.51400756835938
2022-07-01,147.78399658203125
2022-07-05,165.072998046875
2022-07-06,170.99899291992188
2022-07-07,183.18299865722656
2022-07-08,175.21200561523438
2022-07-11,164.52000427246094
2022-07-12,172.60899353027344
2022-07-13,180.5050048828125
2022-07-14,175.0330047607422
2022-07-15,159.56700134277344
2022-07-18,157.25799560546875
2022-07-19,154.45700073242188
2022-07-20,155.03799438476562
2022-07-21,155.60000610351562
2022-07-22,159.86399841308594
2022-07-25,176.61599731445312
2022-07-26,199.91799926757812
2022-07-27,205.22500610351562
2022-07-28,198.92999267578125
2022-07-29,190.9149932861328
2022-08-01,200.79400634765625
2022-08-02,205.1739959716797
2022-08-03,199.19500732421875
2022-08-04,199.2480010986328
2022-08-05,196.32000732421875
2022-08-08,193.05499267578125
2022-08-09,192.1840057373047
2022-08-10,205.36700439453125
2022-08-11,208.11000061035156
2022-08-12,206.10800170898438
2022-08-15,220.11000061035156
2022-08-16,225.91400146484375
2022-08-17,225.8350067138672
2022-08-18,241.00399780273438
2022-08-19,244.5500030517578
2022-08-22,276.74798583984375
2022-08-23,269.04901123046875
2022-08-24,292.1499938964844
2022-08-25,321.41400146484375
2022-08-26,339.1960144042969
2022-08-29,272.6029968261719
2022-08-30,252.93699645996094
2022-08-31,239.90699768066406
2022-09-01,243.00399780273438
2022-09-02,214.6649932861328
2022-09-06,239.8419952392578
2022-09-07,213.88299560546875
2022-09-08,220.54100036621094
2022-09-09,207.09100341796875
2022-09-12,190.58799743652344
2022-09-13,198.61199951171875
2022-09-14,217.8820037841797
2022-09-15,214.2830047607422
2022-09-16,187.79299926757812
2022-09-19,182.26199340820312
2022-09-20,194.25900268554688
2022-09-21,189.781005859375
2022-09-22,187.46800231933594
2022-09-23,185.4949951171875
2022-09-26,173.83399963378906
2022-09-27,186.0989990234375
2022-09-28,207.18699645996094
2022-09-29,187.6649932861328
2022-09-30,188.8000030517578
2022-10-03,169.91200256347656
2022-10-04,161.9499969482422
2022-10-05,173.6929931640625
2022-10-06,175.71200561523438
2022-10-07,156.20700073242188
2022-10-10,154.1179962158203
2022-10-11,156.781005859375
2022-10-12,160.19000244140625
2022-10-13,153.8090057373047
2022-10-14,141.9969940185547
2022-10-17,127.97799682617188
2022-10-18,113.22200012207031
2022-10-19,112.51000213623047
2022-10-20,127.14700317382812
2022-10-21,113.57599639892578
2022-10-24,99.16999816894531
2022-10-25,99.79399871826172
2022-10-26,104.31999969482422
2022-10-27,107.38400268554688
2022-10-28,112.24400329589844
2022-10-31,123.35199737548828
2022-11-01,116.19300079345703
2022-11-02,125.86299896240234
2022-11-03,125.44499969482422
2022-11-04,114.78600311279297
2022-11-07,109.68299865722656
2022-11-08,118.14700317382812
2022-11-09,113.14399719238281
2022-11-10,113.4520034790039
2022-11-11,97.85299682617188
2022-11-14,113.7040023803711
2022-11-15,124.10399627685547
2022-11-16,113.9000015258789
2022-11-17,112.55599975585938
2022-11-18,115.50900268554688
2022-11-21,116.12799835205078
2022-11-22,119.63899993896484
2022-11-23,129.6199951171875
2022-11-25,124.37000274658203
2022-11-28,123.28199768066406
2022-11-29,132.28599548339844
2022-11-30,146.39700317382812
2022-12-01,139.25799560546875
2022-12-02,135.56199645996094
2022-12-05,134.69900512695312
2022-12-06,138.48800659179688
2022-12-07,149.2449951171875
2022-12-08,138.89300537109375
2022-12-09,139.11300659179688
2022-12-12,136.58999633789062
2022-12-13,137.5290069580078
2022-12-14,131.51100158691406
2022-12-15,134.76699829101562
2022-12-16,115.45099639892578
2022-12-19,108.54299926757812
2022-12-20,105.68800354003906
2022-12-21,97.75199890136719
2022-12-22,91.93800354003906
2022-12-23,82.97699737548828
2022-12-27,80.04299926757812
2022-12-28,81.35099792480469
2022-12-29,83.83000183105469
2022-12-30,76.31500244140625
2023-01-03,72.31400299072266
2023-01-04,65.02200317382812
2023-01-05,72.4219970703125
2023-01-06,69.53399658203125
2023-01-09,74.302001953125
2023-01-10,70.07099914550781
2023-01-11,65.34600067138672
2023-01-12,66.80899810791016
2023-01-13,64.81199645996094
2023-01-17,60.06100082397461
2023-01-18,61.70899963378906
2023-01-19,60.71699905395508
2023-01-20,66.89800262451172
2023-01-23,65.9990005493164
2023-01-24,58.26900100708008
2023-01-25,56.65999984741211
2023-01-26,54.814998626708984
2023-01-27,55.42499923706055
2023-01-30,55.15599822998047
2023-01-31,57.35200119018555
2023-02-01,59.527000427246094
2023-02-02,57.040000915527344
2023-02-03,57.888999938964844
2023-02-06,58.10900115966797
2023-02-07,55.40299987792969
2023-02-08,53.6870002746582
2023-02-09,52.73400115966797
2023-02-10,53.946998596191406
2023-02-13,51.707000732421875
2023-02-14,52.38600158691406
2023-02-15,54.715999603271484
2023-02-16,52.01100158691406
2023-02-17,49.047000885009766
2023-02-21,48.54199981689453
2023-02-22,50.56800079345703
2023-02-23,50.779998779296875
2023-02-24,51.01300048828125
2023-02-27,47.29899978637695
2023-02-28,46.665000915527344
2023-03-01,47.08399963378906
2023-03-02,46.814998626708984
2023-03-03,44.97999954223633
2023-03-06,42.14899826049805
2023-03-07,43.369998931884766
2023-03-08,42.3390007019043
2023-03-09,43.5989990234375
2023-03-10,52.856998443603516
2023-03-13,49.58399963378906
2023-03-14,44.185001373291016
2023-03-15,42.904998779296875
2023-03-16,44.340999603271484
2023-03-17,42.856998443603516
2023-03-20,39.32500076293945
2023-03-21,42.400001525878906
2023-03-22,39.974998474121094
2023-03-23,43.18600082397461
2023-03-24,41.09400177001953
2023-03-27,42.52799987792969
2023-03-28,42.75199890136719
2023-03-29,42.803001403808594
2023-03-30,43.60900115966797
2023-03-31,47.845001220703125
2023-04-03,51.367000579833984
2023-04-04,46.56800079345703
2023-04-05,44.57500076293945
2023-04-06,43.125
2023-04-10,43.125
2023-04-11,43.69200134277344
2023-04-12,42.880001068115234
2023-04-13,42.09299850463867
2023-04-14,41.14899826049805
2023-04-17,41.12699890136719
2023-04-18,42.72200012207031
2023-04-19,40.29800033569336
2023-04-20,40.564998626708984
2023-04-21,40.16400146484375
2023-04-24,39.92499923706055
2023-04-25,39.83300018310547
2023-04-26,38.55099868774414
2023-04-27,39.03900146484375
2023-04-28,38.53799819946289
2023-05-01,38.83399963378906
2023-05-02,37.52899932861328
2023-05-03,36.78200149536133
2023-05-04,35.65299987792969
2023-05-05,36.57400131225586
2023-05-08,36.874000549316406
2023-05-09,35.95000076293945
2023-05-10,34.99300003051758
2023-05-11,34.99300003051758
2023-05-12,32.766998291015625
2023-05-15,32.31399917602539
2023-05-16,31.820999145507812
2023-05-17,31.952999114990234
2023-05-18,29.78499984741211
2023-05-19,30.176000595092773
2023-05-22,29.711000442504883
2023-05-23,29.12700080871582
2023-05-24,27.78499984741211
2023-05-25,25.45199966430664
2023-05-26,24.520000457763672
2023-05-30,24.680999755859375
2023-05-31,26.851999282836914
2023-06-01,23.10300064086914
2023-06-02,23.68899917602539
2023-06-05,28.47800064086914
2023-06-06,24.860000610351562
2023-06-07,26.33099937438965
2023-06-08,26.94499969482422
2023-06-09,32.04899978637695
2023-06-12,31.035999298095703
2023-06-13,36.05099868774414
2023-06-14,38.3120002746582
2023-06-15,41.14500045776367
2023-06-16,35.007999420166016
2023-06-20,38.70800018310547
2023-06-21,36.74300003051758
2023-06-22,34.09700012207031
2023-06-23,32.50699996948242
2023-06-26,31.975000381469727
2023-06-27,34.50600051879883
2023-06-28,34.125
2023-06-29,35.18000030517578
2023-06-30,37.10300064086914
2023-07-03,33.92900085449219
2023-07-05,34.37300109863281
2023-07-06,32.347999572753906
2023-07-07,33.47800064086914
2023-07-10,30.226999282836914
2023-07-11,29.06100082397461
2023-07-12,26.638999938964844
2023-07-13,26.60700035095215
2023-07-14,25.957000732421875
2023-07-17,25.10099983215332
2023-07-18,27.069000244140625
2023-07-19,26.96299934387207
2023-07-20,28.01799964904785
2023-07-21,28.163999557495117
2023-07-24,30.55699920654297
2023-07-25,32.64799880981445
2023-07-26,29.274999618530273
2023-07-27,28.43400001525879
2023-07-28,25.840999603271484
2023-07-31,28.365999221801758
2023-08-01,27.12299919128418
2023-08-02,28.742000579833984
2023-08-03,30.472999572753906
2023-08-04,28.85300064086914
2023-08-07,30.48699951171875
2023-08-08,31.06599998474121
2023-08-09,39.823001861572266
2023-08-10,37.055999755859375
2023-08-11,35.29999923706055
2023-08-14,34.433998107910156
2023-08-15,38.8129997253418
2023-08-16,37.784000396728516
2023-08-17,36.82500076293945
2023-08-18,36.40999984741211
2023-08-21,40.78200149536133
2023-08-22,42.90800094604492
2023-08-23,36.7859992980957
2023-08-24,31.937999725341797
2023-08-25,34.777000427246094
2023-08-28,38.41400146484375
2023-08-29,35.19499969482422
2023-08-30,35.992000579833984
2023-08-31,35.02899932861328
2023-09-01,35.617000579833984
2023-09-05,34.44900131225586
2023-09-06,31.075000762939453
2023-09-07,32.755001068115234
2023-09-08,34.507999420166016
2023-09-11,35.847999572753906
2023-09-12,34.70100021362305
2023-09-13,36.81700134277344
2023-09-14,35.520999908447266
2023-09-15,36.483001708984375
2023-09-18,34.474998474121094
2023-09-19,36.78200149536133
2023-09-20,37.284000396728516
2023-09-21,39.10499954223633
2023-09-22,39.79100036621094
2023-09-25,44.44200134277344
2023-09-26,40.321998596191406
2023-09-27,39.29600143432617
2023-09-28,39.736000061035156
2023-09-29,41.85900115966797
2023-10-02,39.334999084472656
2023-10-03,36.98699951171875
2023-10-04,38.441001892089844
2023-10-05,36.207000732421875
2023-10-06,38.23099899291992
2023-10-09,43.952999114990234
2023-10-10,49.45500183105469
2023-10-11,46.06800079345703
2023-10-12,53.00199890136719
2023-10-13,53.981998443603516
2023-10-16,48.46699905395508
2023-10-17,48.895999908447266
2023-10-18,50.83300018310547
2023-10-19,50.172000885009766
2023-10-20,51.11199951171875
2023-10-23,51.2760009765625
2023-10-24,49.263999938964844
2023-10-25,49.92399978637695
2023-10-26,50.808998107910156
2023-10-27,50.53200149536133
2023-10-30,50.547000885009766
2023-10-31,48.00600051879883
2023-11-01,47.75699996948242
2023-11-02,48.56399917602539
2023-11-03,48.05699920654297
2023-11-06,44.832000732421875
2023-11-07,46.05699920654297
2023-11-08,45.777000427246094
2023-11-09,48.12900161743164
2023-11-10,46.63199996948242
2023-11-13,47.87300109863281
2023-11-14,47.608001708984375
2023-11-15,47.0369987487793
2023-11-16,45.8489990234375
2023-11-17,45.06399917602539
2023-11-20,45.82099914550781
2023-11-21,44.064998626708984
2023-11-22,44.61600112915039
2023-11-23,46.58000183105469
2023-11-24,46.65700149536133
2023-11-27,43.98400115966797
2023-11-28,42.77399826049805
2023-11-29,40.36000061035156
2023-11-30,42.090999603271484
2023-12-01,43.49599838256836
2023-12-04,40.104000091552734
2023-12-05,38.132999420166016
2023-12-06,39.3129997253418
2023-12-07,39.96799850463867
2023-12-08,38.597999572753906
2023-12-11,36.11800003051758
2023-12-12,34.702999114990234
2023-12-13,35.8120002746582
2023-12-14,34.849998474121094
2023-12-15,33.18899917602539
2023-12-18,35.52199935913086
2023-12-19,32.56800079345703
2023-12-20,33.520999908447266
2023-12-21,34.202999114990234
2023-12-22,34.17399978637695
2023-12-26,34.17399978637695
2023-12-27,35.51300048828125
2023-12-28,33.10499954223633
2023-12-29,32.349998474121094
2024-01-02,30.57200050354004
2024-01-03,32.79499816894531
2024-01-04,33.40999984741211
2024-01-05,34.55099868774414
2024-01-08,31.579999923706055
2024-01-09,30.641000747680664
2024-01-10,30.941999435424805
2024-01-11,30.816999435424805
2024-01-12,31.990999221801758
2024-01-16,29.6560001373291
2024-01-17,27.70800018310547
2024-01-18,27.89299964904785
2024-01-19,28.429000854492188
2024-01-22,27.263999938964844
2024-01-23,27.226999282836914
2024-01-24,28.929000854492188
2024-01-25,27.784000396728516
2024-01-26,28.07900047302246
2024-01-29,28.173999786376953
2024-01-30,29.391000747680664
2024-01-31,30.235000610351562
2024-02-01,28.990999221801758
2024-02-02,29.304000854492188
2024-02-05,28.340999603271484
2024-02-06,28.60700035095215
2024-02-07,28.18600082397461
2024-02-08,27.812000274658203
2024-02-09,27.117000579833984
2024-02-12,25.729000091552734
2024-02-13,25.43600082397461
2024-02-14,24.85700035095215
2024-02-15,24.965999603271484
2024-02-16,24.82200050354004
2024-02-20,24.167999267578125
2024-02-21,23.976999282836914
2024-02-22,23.19300079345703
2024-02-23,22.93400001525879
2024-02-26,24.009000778198242
2024-02-27,24.392000198364258
2024-02-28,25.618999481201172
2024-02-29,24.864999771118164
2024-03-01,25.80900001525879
2024-03-04,26.885000228881836
2024-03-05,27.468000411987305
2024-03-06,26.57200050354004
2024-03-07,25.992000579833984
2024-03-08,26.392000198364258
2024-03-11,24.93000030517578
2024-03-12,24.774999618530273
2024-03-13,24.902999877929688
2024-03-14,26.048999786376953
2024-03-15,27.025999069213867
2024-03-18,28.82200050354004
2024-03-19,28.865999221801758
2024-03-20,27.742000579833984
2024-03-21,26.402000427246094
2024-03-22,27.775999069213867
2024-03-25,28.48900032043457
2024-03-26,27.131999969482422
2024-03-27,27.687000274658203
2024-03-28,27.34000015258789
2024-04-02,26.202999114990234
2024-04-03,25.562999725341797
2024-04-04,26.20599937438965
2024-04-05,26.606000900268555
2024-04-08,27.908000946044922
2024-04-09,27.35099983215332
2024-04-10,27.100000381469727
2024-04-11,29.37700080871582
2024-04-12,30.73200035095215
2024-04-15,31.14299964904785
2024-04-16,33.138999938964844
2024-04-17,31.288999557495117
2024-04-18,32.308998107910156
2024-04-19,30.757999420166016
2024-04-22,29.309999465942383
2024-04-23,28.41699981689453
2024-04-24,29.01799964904785
2024-04-25,29.770999908447266
2024-04-26,28.88599967956543
2024-04-29,27.993999481201172
2024-04-30,29.118000030517578
2024-05-01,28.729999542236328
2024-05-02,30.913000106811523
2024-05-03,30.527999877929688
2024-05-06,31.801000595092773
2024-05-07,31.066999435424805
2024-05-08,30.608999252319336
2024-05-09,30.864999771118164
2024-05-10,30.02899932861328
2024-05-13,29.577999114990234
2024-05-14,29.66900062561035
2024-05-15,29.733999252319336
2024-05-16,30.24799919128418
2024-05-17,30.768999099731445
2024-05-20,31.76799964904785
2024-05-21,33.00400161743164
2024-05-22,34.388999938964844
2024-05-23,35.22800064086914
2024-05-24,34.1150016784668
2024-05-28,33.534000396728516
2024-05-29,33.87900161743164
2024-05-30,35.19200134277344
2024-05-31,34.222999572753906
2024-06-03,36.013999938964844
2024-06-04,33.797000885009766
2024-06-05,33.35499954223633
2024-06-06,33.68600082397461
2024-06-07,33.10900115966797
2024-06-10,34.257999420166016
2024-06-11,34.28499984741211
2024-06-12,35.29399871826172
2024-06-13,35.7239990234375
2024-06-14,35.36000061035156
2024-06-17,34.209999084472656
2024-06-18,34.70000076293945
2024-06-20,34.4640007019043
2024-06-21,33.93600082397461
2024-06-24,34.08000183105469
2024-06-25,34.85300064086914
2024-06-26,33.82400131225586
2024-06-27,34.564998626708984
2024-06-28,34.47999954223633
2024-07-01,33.48500061035156
2024-07-02,33.685001373291016
2024-07-03,32.691001892089844
2024-07-05,33.06700134277344
2024-07-08,32.2859992980957
2024-07-09,31.334999084472656
2024-07-10,30.784000396728516
2024-07-11,31.11199951171875
2024-07-12,31.7189998626709
2024-07-15,31.371000289916992
2024-07-16,32.797000885009766
2024-07-17,31.89299964904785
2024-07-18,32.67399978637695
2024-07-19,32.16999816894531
2024-07-22,31.839000701904297
2024-07-23,31.621999740600586
2024-07-24,32.62099838256836
2024-07-25,31.77899932861328
2024-07-26,32.474998474121094
2024-07-29,33.87300109863281
2024-07-30,34.361000061035156
2024-07-31,35.86800003051758
2024-08-01,36.96900177001953
2024-08-02,36.64899826049805
2024-08-05,35.49800109863281
2024-08-06,36.67599868774414
2024-08-07,38.45100021362305
2024-08-08,40.095001220703125
2024-08-09,40.395999908447266
2024-08-12,39.65800094604492
2024-08-13,39.47999954223633
2024-08-14,38.96699905395508
2024-08-15,39.60100173950195
2024-08-16,39.64400100708008
2024-08-19,39.845001220703125
2024-08-20,37.957000732421875
2024-08-21,37.0099983215332
2024-08-22,36.58700180053711
2024-08-23,36.862998962402344
2024-08-26,37.65599822998047
2024-08-27,38.68899917602539
2024-08-28,38.52000045776367
2024-08-29,38.60100173950195
2024-08-30,39.823001861572266
2024-09-03,37.19300079345703
2024-09-04,35.79800033569336
2024-09-05,36.19499969482422
2024-09-06,36.479000091552734
2024-09-09,37.33300018310547
2024-09-10,35.28200149536133
2024-09-11,36.141998291015625
2024-09-12,35.191001892089844
2024-09-13,35.64799880981445
2024-09-16,34.08100128173828
2024-09-17,35.547000885009766
2024-09-18,35.244998931884766
2024-09-19,33.08300018310547
2024-09-20,34.444000244140625
2024-09-23,36.21099853515625
2024-09-24,35.41299819946289
2024-09-25,37.319000244140625
2024-09-26,37.88999938964844
2024-09-27,38.11399841308594
2024-09-30,39.04399871826172
2024-10-01,39.27299880981445
2024-10-02,38.617000579833984
2024-10-03,39.9119987487793
2024-10-04,40.97999954223633
2024-10-07,40.24399948120117
2024-10-08,38.91899871826172
2024-10-09,38.340999603271484
2024-10-10,40.292999267578125
2024-10-11,39.87900161743164
2024-10-14,40.558998107910156
2024-10-15,39.972999572753906
2024-10-16,39.24100112915039
2024-10-17,39.650001525878906
2024-10-18,39.20399856567383
2024-10-21,40.02399826049805
2024-10-22,40.70399856567383
2024-10-23,41.380001068115234
2024-10-24,42.15399932861328
2024-10-25,43.51300048828125
2024-10-28,42.51900100708008
2024-10-29,42.86899948120117
2024-10-30,40.90299987792969
2024-10-31,40.5880012512207
2024-11-01,39.17499923706055
2024-11-04,40.30099868774414
2024-11-05,40.492000579833984
2024-11-06,40.38800048828125
2024-11-07,41.2760009765625
2024-11-08,42.409000396728516
2024-11-11,43.72800064086914
2024-11-12,44.255001068115234
2024-11-13,43.66600036621094
2024-11-14,46.2239990234375
2024-11-15,46.55099868774414
2024-11-18,46.900001525878906
2024-11-19,45.667999267578125
2024-11-20,46.79600143432617
2024-11-21,48.303001403808594
2024-11-22,47.018001556396484
2024-11-25,47.733001708984375
2024-11-26,47.215999603271484
2024-11-27,46.762001037597656
2024-11-29,47.81100082397461
2024-12-02,48.654998779296875
2024-12-03,48.55699920654297
2024-12-04,47.04600143432617
2024-12-05,46.55099868774414
2024-12-06,46.47999954223633
2024-12-09,44.85499954223633
2024-12-10,45.551998138427734
2024-12-11,44.694000244140625
2024-12-12,42.80400085449219
2024-12-13,41.21500015258789
2024-12-16,40.277000427246094
2024-12-17,42.064998626708984
2024-12-18,41.00699996948242
2024-12-19,43.077999114990234
2024-12-20,44.130001068115234
2024-12-23,45.54499816894531
2024-12-24,45.73099899291992
2024-12-26,45.73099899291992
2024-12-27,47.73099899291992
2024-12-30,47.632999420166016
2024-12-31,48.888999938964844
2025-01-02,50.27299880981445
2025-01-03,49.62200164794922
2025-01-06,47.32600021362305
2025-01-07,47.4739990234375
2025-01-08,45.558998107910156
2025-01-09,44.98699951171875
2025-01-10,45.007999420166016
2025-01-13,48.26100158691406
2025-01-14,46.946998596191406
2025-01-15,47.00600051879883
2025-01-16,46.24100112915039
2025-01-17,46.887001037597656
2025-01-21,50.027000427246094
2025-01-22,48.715999603271484
2025-01-23,49.12300109863281
2025-01-24,49.70199966430664
2025-01-27,47.86199951171875
2025-01-28,48.2239990234375
2025-01-29,51.15599822998047
2025-01-30,51.72600173950195
2025-01-31,53.23699951171875
2025-02-03,53.79399871826172
2025-02-04,52.04800033569336
2025-02-05,53.4379997253418
2025-02-06,54.50199890136719
2025-02-07,55.722999572753906
2025-02-10,58.03900146484375
2025-02-11,57.76599884033203
2025-02-12,55.6609992980957
2025-02-13,51.382999420166016
2025-02-14,50.685001373291016
2025-02-18,49.21500015258789
2025-02-19,48.263999938964844
2025-02-20,47.49399948120117
2025-02-21,47.19499969482422
2025-02-24,47.14400100708008
2025-02-25,44.29100036621094
2025-02-26,41.33599853515625
2025-02-27,44.93000030517578
2025-02-28,44.31999969482422
2025-03-03,45.2130012512207
2025-03-04,43.4640007019043
2025-03-05,41.507999420166016
2025-03-06,38.2400016784668
2025-03-07,39.97100067138672
2025-03-10,41.231998443603516
2025-03-11,42.709999084472656
2025-03-12,42.25400161743164
2025-03-13,42.07600021362305
2025-03-14,42.290000915527344
2025-03-17,41.24800109863281
2025-03-18,40.755001068115234
2025-03-19,43.35499954223633
2025-03-20,42.85499954223633
2025-03-21,42.60499954223633
2025-03-24,42.74800109863281
2025-03-25,41.55500030517578
2025-03-26,40.869998931884766
2025-03-27,41.20199966430664
2025-03-28,40.58700180053711
2025-03-31,40.66699981689453
2025-04-01,42.45000076293945
2025-04-02,41.26300048828125
2025-04-03,39.202999114990234
2025-04-04,36.4010009765625
2025-04-07,37.0
2025-04-08,36.23099899291992
2025-04-09,33.66600036621094
2025-04-10,33.292999267578125
2025-04-11,33.4630012512207
2025-04-14,34.499000549316406
2025-04-15,34.40700149536133
2025-04-16,35.3120002746582
2025-04-17,35.65700149536133
2025-04-21,35.65700149536133
2025-04-22,34.24399948120117
2025-04-23,34.15999984741211
2025-04-24,33.57400131225586
2025-04-25,32.43199920654297
2025-04-28,32.39799880981445
2025-04-29,31.856000900268555
2025-04-30,32.31700134277344
2025-05-01,32.14899826049805
2025-05-02,33.077999114990234
2025-05-05,32.93000030517578
2025-05-06,34.74300003051758
2025-05-07,34.53099822998047
2025-05-08,35.340999603271484
2025-05-09,34.61800003051758
2025-05-12,35.38999938964844
2025-05-13,35.74399948120117
2025-05-14,35.04800033569336
2025-05-15,35.29399871826172
2025-05-16,35.15599822998047
2025-05-19,35.224998474121094
2025-05-20,36.979000091552734
2025-05-21,36.62099838256836
2025-05-22,36.35599899291992
2025-05-23,36.45000076293945
2025-05-27,37.00600051879883
2025-05-28,36.6870002746582
2025-05-29,35.15800094604492
2025-05-30,34.22800064086914
2025-06-02,35.01499938964844
2025-06-03,35.847999572753906
2025-06-04,35.650001525878906
2025-06-05,36.393001556396484
2025-06-06,36.250999450683594
2025-06-09,35.60499954223633
2025-06-10,34.63800048828125
2025-06-11,35.91299819946289
2025-06-12,36.176998138427734
2025-06-13,37.89400100708008
2025-06-16,37.90599822998047
2025-06-17,39.308998107910156
2025-06-18,38.69300079345703
2025-06-20,40.92900085449219
2025-06-23,40.52199935913086
2025-06-24,35.6150016784668
2025-06-25,35.4010009765625
2025-06-26,34.02399826049805
2025-06-27,33.08700180053711
2025-06-30,32.89799880981445
2025-07-01,33.69300079345703
2025-07-02,33.590999603271484
2025-07-03,33.62099838256836
2025-07-04,33.43000030517578
2025-07-07,33.62099838256836
2025-07-08,34.21900177001953
2025-07-09,34.30400085449219
2025-07-10,35.16999816894531
2025-07-11,35.56100082397461
2025-07-14,35.45399856567383
2025-07-15,34.44499969482422
2025-07-16,34.808998107910156
2025-07-17,34.40700149536133
2025-07-18,33.595001220703125
2025-07-21,33.159000396728516
2025-07-22,33.111000061035156
2025-07-23,32.689998626708984
2025-07-24,32.358001708984375
2025-07-25,32.499000549316406
2025-07-28,32.89899826049805
2025-07-29,34.10300064086914
2025-07-30,34.5369987487793
2025-07-31,35.27899932861328
2025-08-01,33.97200012207031
2025-08-04,34.28300094604492
2025-08-05,34.40599822998047
2025-08-06,33.25699996948242
2025-08-07,32.95100021362305
2025-08-08,32.44599914550781
2025-08-11,32.999000549316406
2025-08-12,32.409000396728516
2025-08-13,32.599998474121094
2025-08-14,32.14099884033203
2025-08-15,31.0310001373291
2025-08-18,31.27199935913086
2025-08-19,31.226999282836914
2025-08-20,31.9060001373291
2025-08-21,33.17499923706055
2025-08-22,33.573001861572266
2025-08-25,33.77399826049805
2025-08-26,33.459999084472656
2025-08-27,32.55099868774414
2025-08-28,31.55900001525879
2025-08-29,31.621999740600586
2025-09-02,31.77199935913086
2025-09-03,32.11199951171875
2025-09-04,32.4119987487793
2025-09-05,31.9689998626709
2025-09-08,33.06399917602539
2025-09-09,32.930999755859375
2025-09-10,33.12200164794922
2025-09-11,32.323001861572266
2025-09-12,32.6619987487793
2025-09-15,32.15399932861328
2025-09-16,32.32899856567383
2025-09-17,32.4010009765625
2025-09-18,32.95199966430664
2025-09-19,32.30799865722656
2025-09-22,31.8439998626709
2025-09-23,32.26499938964844
2025-09-24,31.902999877929688
2025-09-25,32.45600128173828
2025-09-26,32.696998596191406
2025-09-29,32.060001373291016
2025-09-30,31.410999298095703
2025-10-01,31.334999084472656
2025-10-02,31.454999923706055
2025-10-03,31.437999725341797
2025-10-06,33.11600112915039
2025-10-07,33.24599838256836
2025-10-08,32.70000076293945
2025-10-09,32.362998962402344
2025-10-10,32.16999816894531
2025-10-13,31.475000381469727
2025-10-14,31.801000595092773
2025-10-15,31.826000213623047
2025-10-16,32.37799835205078
2025-10-17,31.81599998474121
2025-10-20,31.73900032043457
2025-10-21,32.20000076293945
2025-10-22,31.76799964904785
2025-10-23,32.45399856567383
2025-10-24,32.01599884033203
2025-10-27,31.399999618530273
2025-10-28,31.493999481201172
2025-10-29,31.868999481201172
2025-10-30,31.04800033569336
2025-10-31,31.121999740600586
2025-11-03,31.740999221801758
2025-11-04,32.55099868774414
2025-11-05,31.819000244140625
2025-11-06,31.54800033569336
2025-11-07,31.201000213623047
2025-11-10,31.070999145507812
2025-11-11,31.101999282836914
2025-11-12,30.933000564575195
2025-11-13,30.45800018310547
2025-11-14,31.25
2025-11-17,31.417999267578125
2025-11-18,31.694000244140625
2025-11-19,30.940000534057617
2025-11-20,31.159000396728516
2025-11-21,30.197999954223633
2025-11-24,29.746999740600586
2025-11-25,29.38599967956543
2025-11-26,29.368000030517578
2025-11-28,28.816999435424805
2025-12-01,28.226999282836914
2025-12-02,28.049999237060547
2025-12-03,28.20599937438965
2025-12-04,27.08799934387207
2025-12-05,27.266000747680664
2025-12-08,26.871000289916992
2025-12-09,27.48900032043457
2025-12-10,26.601999282836914
2025-12-11,26.80500030517578
2025-12-12,27.68400001525879
2025-12-15,27.424999237060547
2025-12-16,26.763999938964844
2025-12-17,27.35700035095215
2025-12-18,27.652000427246094
2025-12-19,28.160999298095703
2025-12-22,27.687000274658203
2025-12-23,27.73200035095215
2025-12-24,28.094999313354492
2025-12-26,28.094999313354492
2025-12-29,28.534000396728516
2025-12-30,27.766000747680664
2025-12-31,28.160999298095703
2026-01-02,29.003999710083008
2026-01-05,27.39900016784668
2026-01-06,28.07200050354004
2026-01-07,28.777000427246094
2026-01-08,27.698999404907227
2026-01-09,28.374000549316406
2026-01-12,30.246000289916992
2026-01-13,31.472999572753906
2026-01-14,31.812999725341797
2026-01-15,33.15800094604492
2026-01-16,36.87900161743164
2026-01-20,35.887001037597656
2026-01-21,39.20800018310547
2026-01-22,38.07899856567383
2026-01-23,40.03900146484375
2026-01-26,39.11199951171875
2026-01-27,38.76100158691406
2026-01-28,38.861000061035156
2026-01-29,40.112998962402344
2026-01-30,39.28499984741211
2026-02-02,33.94499969482422
2026-02-03,32.86000061035156
2026-02-04,33.500999450683594
2026-02-05,33.73500061035156
2026-02-06,35.694000244140625
2026-02-09,33.49599838256836
2026-02-10,31.84600067138672
2026-02-11,32.16699981689453
2026-02-12,32.99399948120117
2026-02-13,32.5
2026-02-17,29.82200050354004
2026-02-18,31.481000900268555
2026-02-19,33.52299880981445
2026-02-20,32.02899932861328
2026-02-23,31.833999633789062
2026-02-24,30.891000747680664
2026-02-25,31.049999237060547
2026-02-26,32.2239990234375
2026-02-27,31.958999633789062
2026-03-02,44.50600051879883
2026-03-03,54.290000915527344
2026-03-04,48.766998291015625
2026-03-05,50.73099899291992
2026-03-06,53.3849983215332
2026-03-09,56.452999114990234
2026-03-10,47.393001556396484
2026-03-11,49.98899841308594
2026-03-12,50.869998931884766
2026-03-13,50.1150016784668
2026-03-16,50.887001037597656
2026-03-17,51.558998107910156
2026-03-18,54.6619987487793
2026-03-19,61.85200119018555
2026-03-20,59.255001068115234
2026-03-23,56.68299865722656
2026-03-24,54.04100036621094
2026-03-25,52.816001892089844
2026-03-26,55.21799850463867
2026-03-27,54.176998138427734
2026-03-30,54.81399917602539
2026-03-31,50.75699996948242
2026-04-01,47.5099983215332
2026-04-02,50.04399871826172
2026-04-06,50.04399871826172
2026-04-07,53.24700164794922
2026-04-08,45.30099868774414
2026-04-09,46.17499923706055
2026-04-10,43.63800048828125
2026-04-13,46.41299819946289
2026-04-14,43.3650016784668
2026-04-15,41.39899826049805
2026-04-16,42.422000885009766
2026-04-17,38.76900100708008
2026-04-20,40.29199981689453
2026-04-21,41.930999755859375
2026-04-22,43.551998138427734
2026-04-23,44.49599838256836
2026-04-24,44.861000061035156
2026-04-27,44.645999908447266
2026-04-28,43.59400177001953
2026-04-29,46.85300064086914
2026-04-30,45.98699951171875
2026-05-01,45.76599884033203
2026-05-04,48.143001556396484
2026-05-05,46.92599868774414
2026-05-06,43.902000427246094
2026-05-07,43.56100082397461
2026-05-08,44.143001556396484
