Date;Price;Open;High;Low;Vol.;Change %
24/03/2026;100,1;100,1;100,1;100,1;;-0,64%
23/03/2026;100,74;100,74;100,74;100,74;;0,22%
20/03/2026;100,52;100,52;100,52;100,52;;-1,83%
19/03/2026;102,39;102,39;102,39;102,39;;2,96%
18/03/2026;99,45;99,45;99,45;99,45;;-0,92%
17/03/2026;100,37;100,37;100,37;100,37;;0,20%
16/03/2026;100,17;100,17;100,17;100,17;;1,10%
13/03/2026;99,08;99,08;99,08;99,08;;0,28%
12/03/2026;98,8;98,8;98,8;98,8;;2,25%
11/03/2026;96,63;96,63;96,63;96,63;;2,33%
10/03/2026;94,43;94,43;94,43;94,43;;-1,05%
09/03/2026;95,43;95,43;95,43;95,43;;0,90%
06/03/2026;94,58;94,58;94,58;94,58;;0,84%
05/03/2026;93,79;93,79;93,79;93,79;;-1,53%
04/03/2026;95,25;95,25;95,25;95,25;;-5,29%
03/03/2026;100,57;100,57;100,57;100,57;;11,45%
02/03/2026;90,24;90,24;90,24;90,24;;-6,56%
27/02/2026;96,58;96,58;96,58;96,58;;-0,41%
26/02/2026;96,98;96,98;96,98;96,98;;-0,79%
25/02/2026;97,75;97,75;97,75;97,75;;0,10%
24/02/2026;97,65;97,65;97,65;97,65;;0,59%
23/02/2026;97,08;97,08;97,08;97,08;;0,61%
20/02/2026;96,49;96,49;96,49;96,49;;-0,26%
19/02/2026;96,74;96,74;96,74;96,74;;0,48%
18/02/2026;96,28;96,28;96,28;96,28;;0,36%
17/02/2026;95,93;95,93;95,93;95,93;;-5,23%
13/02/2026;101,22;101,22;101,22;101,22;;-2,83%
12/02/2026;104,17;104,17;104,17;104,17;;1,78%
11/02/2026;102,35;102,35;102,35;102,35;;-1,40%
10/02/2026;103,8;103,8;103,8;103,8;;-0,13%
09/02/2026;103,94;103,94;103,94;103,94;;-3,89%
06/02/2026;108,15;108,15;108,15;108,15;;1,08%
05/02/2026;106,99;106,99;106,99;106,99;;-0,83%
04/02/2026;107,89;107,89;107,89;107,89;;0,84%
03/02/2026;106,99;106,99;106,99;106,99;;-3,26%
02/02/2026;110,6;110,6;110,6;110,6;;0,46%
30/01/2026;110,09;110,09;110,09;110,09;;0,17%
29/01/2026;109,9;109,9;109,9;109,9;;0,05%
28/01/2026;109,84;109,84;109,84;109,84;;-0,19%
27/01/2026;110,05;110,05;110,05;110,05;;-0,27%
26/01/2026;110,35;110,35;110,35;110,35;;-0,69%
23/01/2026;111,12;111,12;111,12;111,12;;-0,24%
22/01/2026;111,39;111,39;111,39;111,39;;-1,18%
21/01/2026;112,72;112,72;112,72;112,72;;-0,05%
20/01/2026;112,78;112,78;112,78;112,78;;-3,55%
16/01/2026;116,93;116,93;116,93;116,93;;1,49%
15/01/2026;115,21;115,21;115,21;115,21;;-0,41%
14/01/2026;115,69;115,69;115,69;115,69;;0,16%
13/01/2026;115,51;115,51;115,51;115,51;;5,38%
12/01/2026;109,61;109,61;109,61;109,61;;8,73%
09/01/2026;100,81;100,81;100,81;100,81;;0,94%
08/01/2026;99,87;99,87;99,87;99,87;;-2,38%
07/01/2026;102,3;102,3;102,3;102,3;;4,21%
06/01/2026;98,17;98,17;98,17;98,17;;5,01%
05/01/2026;93,49;93,49;93,49;93,49;;-8,12%
02/01/2026;101,75;101,75;101,75;101,75;;4,09%
31/12/2025;97,75;97,75;97,75;97,75;;4,58%
30/12/2025;93,47;93,47;93,47;93,47;;0,13%
29/12/2025;93,35;93,35;93,35;93,35;;0,32%
26/12/2025;93,05;93,05;93,05;93,05;;0,00%
24/12/2025;93,05;93,05;93,05;93,05;;0,12%
23/12/2025;92,94;92,94;92,94;92,94;;1,02%
22/12/2025;92;92;92;92;;-0,92%
19/12/2025;92,85;92,85;92,85;92,85;;0,18%
18/12/2025;92,68;92,68;92,68;92,68;;-2,14%
17/12/2025;94,71;94,71;94,71;94,71;;-0,51%
16/12/2025;95,2;95,2;95,2;95,2;;-0,14%
15/12/2025;95,33;95,33;95,33;95,33;;-1,60%
12/12/2025;96,88;96,88;96,88;96,88;;-0,09%
11/12/2025;96,97;96,97;96,97;96,97;;3,29%
10/12/2025;93,88;93,88;93,88;93,88;;1,76%
09/12/2025;92,26;92,26;92,26;92,26;;1,02%
08/12/2025;91,33;91,33;91,33;91,33;;4,17%
05/12/2025;87,67;87,67;87,67;87,67;;-1,91%
04/12/2025;89,38;89,38;89,38;89,38;;-3,02%
03/12/2025;92,16;92,16;92,16;92,16;;-0,14%
02/12/2025;92,29;92,29;92,29;92,29;;-5,95%
01/12/2025;98,13;98,13;98,13;98,13;;-3,71%
28/11/2025;101,91;101,91;101,91;101,91;;-0,02%
26/11/2025;101,93;101,93;101,93;101,93;;-0,86%
25/11/2025;102,81;102,81;102,81;102,81;;-2,10%
24/11/2025;105,02;105,02;105,02;105,02;;4,60%
21/11/2025;100,4;100,4;100,4;100,4;;-0,21%
20/11/2025;100,61;100,61;100,61;100,61;;-0,11%
19/11/2025;100,72;100,72;100,72;100,72;;-0,82%
18/11/2025;101,55;101,55;101,55;101,55;;1,14%
17/11/2025;100,41;100,41;100,41;100,41;;3,31%
14/11/2025;97,19;97,19;97,19;97,19;;-0,79%
13/11/2025;97,96;97,96;97,96;97,96;;2,48%
12/11/2025;95,59;95,59;95,59;95,59;;1,10%
11/11/2025;94,55;94,55;94,55;94,55;;-3,38%
10/11/2025;97,86;97,86;97,86;97,86;;-5,13%
07/11/2025;103,15;103,15;103,15;103,15;;-0,27%
06/11/2025;103,43;103,43;103,43;103,43;;-3,67%
05/11/2025;107,37;107,37;107,37;107,37;;-6,12%
04/11/2025;114,37;114,37;114,37;114,37;;4,21%
03/11/2025;109,75;109,75;109,75;109,75;;10,15%
31/10/2025;99,64;99,64;99,64;99,64;;18,06%
30/10/2025;84,4;84,4;84,4;84,4;;-5,97%
29/10/2025;89,76;89,76;89,76;89,76;;-0,89%
28/10/2025;90,57;90,57;90,57;90,57;;6,12%
27/10/2025;85,35;85,35;85,35;85,35;;-1,00%
24/10/2025;86,21;86,21;86,21;86,21;;0,20%
23/10/2025;86,04;86,04;86,04;86,04;;-0,35%
22/10/2025;86,34;86,34;86,34;86,34;;-1,08%
21/10/2025;87,28;87,28;87,28;87,28;;-2,00%
20/10/2025;89,06;89,06;89,06;89,06;;-0,06%
17/10/2025;89,11;89,11;89,11;89,11;;-0,49%
16/10/2025;89,55;89,55;89,55;89,55;;-1,13%
15/10/2025;90,57;90,57;90,57;90,57;;-1,66%
14/10/2025;92,1;92,1;92,1;92,1;;1,44%
13/10/2025;90,79;90,79;90,79;90,79;;-3,34%
10/10/2025;93,93;93,93;93,93;93,93;;-0,70%
09/10/2025;94,59;94,59;94,59;94,59;;-1,21%
08/10/2025;95,75;95,75;95,75;95,75;;-0,57%
07/10/2025;96,3;96,3;96,3;96,3;;-0,69%
06/10/2025;96,97;96,97;96,97;96,97;;7,33%
03/10/2025;90,35;90,35;90,35;90,35;;8,52%
02/10/2025;83,26;83,26;83,26;83,26;;-1,91%
01/10/2025;84,88;84,88;84,88;84,88;;-1,37%
30/09/2025;86,06;86,06;86,06;86,06;;3,05%
29/09/2025;83,51;83,51;83,51;83,51;;0,53%
26/09/2025;83,07;83,07;83,07;83,07;;1,30%
25/09/2025;82;82;82;82;;1,55%
24/09/2025;80,75;80,75;80,75;80,75;;1,46%
23/09/2025;79,59;79,59;79,59;79,59;;-1,76%
22/09/2025;81,02;81,02;81,02;81,02;;-2,63%
19/09/2025;83,21;83,21;83,21;83,21;;-0,94%
18/09/2025;84;84;84;84;;0,84%
17/09/2025;83,3;83,3;83,3;83,3;;0,49%
16/09/2025;82,89;82,89;82,89;82,89;;0,78%
15/09/2025;82,25;82,25;82,25;82,25;;1,91%
12/09/2025;80,71;80,71;80,71;80,71;;0,64%
11/09/2025;80,2;80,2;80,2;80,2;;-2,75%
10/09/2025;82,47;82,47;82,47;82,47;;-2,55%
09/09/2025;84,63;84,63;84,63;84,63;;-1,97%
08/09/2025;86,33;86,33;86,33;86,33;;-0,15%
05/09/2025;86,46;86,46;86,46;86,46;;0,38%
04/09/2025;86,13;86,13;86,13;86,13;;0,28%
03/09/2025;85,89;85,89;85,89;85,89;;0,22%
02/09/2025;85,7;85,7;85,7;85,7;;11,21%
29/08/2025;77,06;77,06;77,06;77,06;;0,29%
28/08/2025;76,84;76,84;76,84;76,84;;0,25%
27/08/2025;76,65;76,65;76,65;76,65;;0,75%
26/08/2025;76,08;76,08;76,08;76,08;;0,42%
25/08/2025;75,76;75,76;75,76;75,76;;0,00%
22/08/2025;75,76;75,76;75,76;75,76;;0,53%
21/08/2025;75,36;75,36;75,36;75,36;;0,15%
20/08/2025;75,25;75,25;75,25;75,25;;0,75%
19/08/2025;74,69;74,69;74,69;74,69;;-0,21%
18/08/2025;74,85;74,85;74,85;74,85;;0,21%
15/08/2025;74,69;74,69;74,69;74,69;;-0,74%
14/08/2025;75,25;75,25;75,25;75,25;;-0,49%
13/08/2025;75,62;75,62;75,62;75,62;;-1,91%
12/08/2025;77,09;77,09;77,09;77,09;;-0,55%
11/08/2025;77,52;77,52;77,52;77,52;;0,49%
08/08/2025;77,14;77,14;77,14;77,14;;-0,18%
07/08/2025;77,28;77,28;77,28;77,28;;-0,77%
06/08/2025;77,88;77,88;77,88;77,88;;-1,07%
05/08/2025;78,72;78,72;78,72;78,72;;2,02%
04/08/2025;77,16;77,16;77,16;77,16;;-1,72%
01/08/2025;78,51;78,51;78,51;78,51;;-3,79%
31/07/2025;81,6;81,6;81,6;81,6;;-7,06%
30/07/2025;87,8;87,8;87,8;87,8;;0,21%
29/07/2025;87,62;87,62;87,62;87,62;;-0,41%
28/07/2025;87,98;87,98;87,98;87,98;;0,55%
25/07/2025;87,5;87,5;87,5;87,5;;0,40%
24/07/2025;87,15;87,15;87,15;87,15;;0,48%
23/07/2025;86,73;86,73;86,73;86,73;;-0,20%
22/07/2025;86,9;86,9;86,9;86,9;;1,36%
21/07/2025;85,73;85,73;85,73;85,73;;1,67%
18/07/2025;84,32;84,32;84,32;84,32;;0,08%
17/07/2025;84,25;84,25;84,25;84,25;;-1,03%
16/07/2025;85,13;85,13;85,13;85,13;;0,33%
15/07/2025;84,85;84,85;84,85;84,85;;-1,34%
14/07/2025;86;86;86;86;;0,00%
11/07/2025;86;86;86;86;;-0,89%
10/07/2025;86,77;86,77;86,77;86,77;;-0,75%
09/07/2025;87,43;87,43;87,43;87,43;;-1,40%
08/07/2025;88,67;88,67;88,67;88,67;;0,61%
07/07/2025;88,13;88,13;88,13;88,13;;4,92%
03/07/2025;84;84;84;84;;-1,78%
02/07/2025;85,52;85,52;85,52;85,52;;3,54%
01/07/2025;82,6;82,6;82,6;82,6;;5,13%
30/06/2025;78,57;78,57;78,57;78,57;;23,40%
27/06/2025;63,67;63,67;63,67;63,67;;-0,87%
26/06/2025;64,23;64,23;64,23;64,23;;0,34%
25/06/2025;64,01;64,01;64,01;64,01;;1,52%
24/06/2025;63,05;63,05;63,05;63,05;;1,33%
23/06/2025;62,22;62,22;62,22;62,22;;-1,88%
20/06/2025;63,41;63,41;63,41;63,41;;-0,77%
18/06/2025;63,9;63,9;63,9;63,9;;-3,27%
17/06/2025;66,06;66,06;66,06;66,06;;-0,09%
16/06/2025;66,12;66,12;66,12;66,12;;0,00%
13/06/2025;66,12;66,12;66,12;66,12;;1,12%
12/06/2025;65,39;65,39;65,39;65,39;;-2,02%
11/06/2025;66,74;66,74;66,74;66,74;;0,35%
10/06/2025;66,51;66,51;66,51;66,51;;-1,32%
09/06/2025;67,4;67,4;67,4;67,4;;-4,42%
06/06/2025;70,52;70,52;70,52;70,52;;2,89%
05/06/2025;68,54;68,54;68,54;68,54;;-0,42%
04/06/2025;68,83;68,83;68,83;68,83;;0,61%
03/06/2025;68,41;68,41;68,41;68,41;;-0,48%
02/06/2025;68,74;68,74;68,74;68,74;;2,08%
30/05/2025;67,34;67,34;67,34;67,34;;-0,03%
29/05/2025;67,36;67,36;67,36;67,36;;0,18%
28/05/2025;67,24;67,24;67,24;67,24;;-0,53%
27/05/2025;67,6;67,6;67,6;67,6;;0,91%
23/05/2025;66,99;66,99;66,99;66,99;;-3,29%
22/05/2025;69,27;69,27;69,27;69,27;;0,03%
21/05/2025;69,25;69,25;69,25;69,25;;0,25%
20/05/2025;69,08;69,08;69,08;69,08;;-0,45%
19/05/2025;69,39;69,39;69,39;69,39;;-1,71%
16/05/2025;70,6;70,6;70,6;70,6;;-1,08%
15/05/2025;71,37;71,37;71,37;71,37;;3,37%
14/05/2025;69,04;69,04;69,04;69,04;;-0,46%
13/05/2025;69,36;69,36;69,36;69,36;;-1,98%
12/05/2025;70,76;70,76;70,76;70,76;;5,36%
09/05/2025;67,16;67,16;67,16;67,16;;-1,63%
08/05/2025;68,27;68,27;68,27;68,27;;-2,50%
07/05/2025;70,02;70,02;70,02;70,02;;-1,02%
06/05/2025;70,74;70,74;70,74;70,74;;2,63%
05/05/2025;68,93;68,93;68,93;68,93;;0,00%
02/05/2025;68,93;68,93;68,93;68,93;;3,55%
01/05/2025;66,57;66,57;66,57;66,57;;0,00%
30/04/2025;66,57;66,57;66,57;66,57;;-14,59%
29/04/2025;77,94;77,94;77,94;77,94;;-0,10%
28/04/2025;78,02;78,02;78,02;78,02;;-0,84%
25/04/2025;78,68;78,68;78,68;78,68;;-1,24%
24/04/2025;79,67;79,67;79,67;79,67;;0,01%
23/04/2025;79,66;79,66;79,66;79,66;;0,28%
22/04/2025;79,44;79,44;79,44;79,44;;5,55%
21/04/2025;75,26;75,26;75,26;75,26;;0,00%
17/04/2025;75,26;75,26;75,26;75,26;;0,15%
16/04/2025;75,15;75,15;75,15;75,15;;3,87%
15/04/2025;72,35;72,35;72,35;72,35;;-0,37%
14/04/2025;72,62;72,62;72,62;72,62;;6,08%
11/04/2025;68,46;68,46;68,46;68,46;;1,75%
04/04/2025;67,28;67,28;67,28;67,28;;-1,81%
03/04/2025;68,52;68,52;68,52;68,52;;-4,63%
02/04/2025;71,85;71,85;71,85;71,85;;-3,70%
01/04/2025;74,61;74,61;74,61;74,61;;-2,56%
31/03/2025;76,57;76,57;76,57;76,57;;-18,70%
28/03/2025;94,18;94,18;94,18;94,18;;-0,44%
27/03/2025;94,6;94,6;94,6;94,6;;-0,59%
26/03/2025;95,16;95,16;95,16;95,16;;0,87%
25/03/2025;94,34;94,34;94,34;94,34;;-0,52%
24/03/2025;94,83;94,83;94,83;94,83;;-0,67%
21/03/2025;95,47;95,47;95,47;95,47;;-0,55%
20/03/2025;96;96;96;96;;0,37%
14/03/2025;95,65;95,65;95,65;95,65;;1,25%
13/03/2025;94,47;94,47;94,47;94,47;;1,77%
12/03/2025;92,83;92,83;92,83;92,83;;-1,09%
11/03/2025;93,85;93,85;93,85;93,85;;-0,91%
10/03/2025;94,71;94,71;94,71;94,71;;0,45%
07/03/2025;94,29;94,29;94,29;94,29;;0,67%
06/03/2025;93,66;93,66;93,66;93,66;;-2,07%
05/03/2025;95,64;95,64;95,64;95,64;;-1,01%
04/03/2025;96,62;96,62;96,62;96,62;;-0,77%
03/03/2025;97,37;97,37;97,37;97,37;;6,33%
28/02/2025;91,57;91,57;91,57;91,57;;-28,75%
27/02/2025;128,52;128,52;128,52;128,52;;0,03%
26/02/2025;128,48;128,48;128,48;128,48;;-0,29%
25/02/2025;128,85;128,85;128,85;128,85;;-0,05%
24/02/2025;128,92;128,92;128,92;128,92;;-0,13%
21/02/2025;129,09;129,09;129,09;129,09;;3,12%
20/02/2025;125,19;125,19;125,19;125,19;;1,17%
19/02/2025;123,74;123,74;123,74;123,74;;-0,23%
18/02/2025;124,03;124,03;124,03;124,03;;-2,45%
14/02/2025;127,15;127,15;127,15;127,15;;-3,30%
13/02/2025;131,49;131,49;131,49;131,49;;-1,76%
12/02/2025;133,85;133,85;133,85;133,85;;0,19%
11/02/2025;133,59;133,59;133,59;133,59;;-1,07%
10/02/2025;135,04;135,04;135,04;135,04;;3,49%
07/02/2025;130,49;130,49;130,49;130,49;;1,24%
06/02/2025;128,89;128,89;128,89;128,89;;1,23%
05/02/2025;127,32;127,32;127,32;127,32;;1,53%
04/02/2025;125,4;125,4;125,4;125,4;;-2,23%
03/02/2025;128,26;128,26;128,26;128,26;;-2,89%
31/01/2025;132,08;132,08;132,08;132,08;;15,72%
30/01/2025;114,14;114,14;114,14;114,14;;0,06%
29/01/2025;114,07;114,07;114,07;114,07;;0,00%
28/01/2025;114,07;114,07;114,07;114,07;;0,14%
27/01/2025;113,91;113,91;113,91;113,91;;-2,01%
24/01/2025;116,25;116,25;116,25;116,25;;0,28%
23/01/2025;115,92;115,92;115,92;115,92;;1,76%
22/01/2025;113,91;113,91;113,91;113,91;;-0,07%
21/01/2025;113,99;113,99;113,99;113,99;;0,14%
17/01/2025;113,83;113,83;113,83;113,83;;1,49%
16/01/2025;112,16;112,16;112,16;112,16;;-4,40%
15/01/2025;117,32;117,32;117,32;117,32;;3,20%
14/01/2025;113,68;113,68;113,68;113,68;;0,93%
13/01/2025;112,63;112,63;112,63;112,63;;19,39%
10/01/2025;94,34;94,34;94,34;94,34;;-5,11%
09/01/2025;99,42;99,42;99,42;99,42;;-4,09%
08/01/2025;103,66;103,66;103,66;103,66;;-3,00%
07/01/2025;106,87;106,87;106,87;106,87;;-1,46%
06/01/2025;108,45;108,45;108,45;108,45;;-3,64%
03/01/2025;112,55;112,55;112,55;112,55;;-2,06%
02/01/2025;114,92;114,92;114,92;114,92;;-0,70%
31/12/2024;115,73;115,73;115,73;115,73;;6,84%
30/12/2024;108,32;108,32;108,32;108,32;;1,65%
27/12/2024;106,56;106,56;106,56;106,56;;-0,53%
26/12/2024;107,13;107,13;107,13;107,13;;-0,02%
24/12/2024;107,15;107,15;107,15;107,15;;0,27%
23/12/2024;106,86;106,86;106,86;106,86;;1,19%
20/12/2024;105,6;105,6;105,6;105,6;;-0,38%
19/12/2024;106;106;106;106;;4,47%
18/12/2024;101,46;101,46;101,46;101,46;;2,22%
17/12/2024;99,26;99,26;99,26;99,26;;3,23%
16/12/2024;96,15;96,15;96,15;96,15;;-7,21%
13/12/2024;103,62;103,62;103,62;103,62;;-0,37%
12/12/2024;104,01;104,01;104,01;104,01;;-6,19%
11/12/2024;110,87;110,87;110,87;110,87;;2,25%
10/12/2024;108,43;108,43;108,43;108,43;;3,62%
09/12/2024;104,64;104,64;104,64;104,64;;3,02%
06/12/2024;101,57;101,57;101,57;101,57;;-2,07%
05/12/2024;103,72;103,72;103,72;103,72;;1,85%
04/12/2024;101,84;101,84;101,84;101,84;;-3,54%
03/12/2024;105,58;105,58;105,58;105,58;;0,52%
02/12/2024;105,03;105,03;105,03;105,03;;-7,80%
29/11/2024;113,91;113,91;113,91;113,91;;-0,51%
27/11/2024;114,49;114,49;114,49;114,49;;-0,46%
26/11/2024;115,02;115,02;115,02;115,02;;-1,29%
25/11/2024;116,52;116,52;116,52;116,52;;-0,50%
22/11/2024;117,1;117,1;117,1;117,1;;-0,23%
21/11/2024;117,37;117,37;117,37;117,37;;-0,34%
20/11/2024;117,77;117,77;117,77;117,77;;-1,34%
19/11/2024;119,37;119,37;119,37;119,37;;-0,77%
18/11/2024;120,3;120,3;120,3;120,3;;5,10%
15/11/2024;114,46;114,46;114,46;114,46;;0,60%
14/11/2024;113,78;113,78;113,78;113,78;;1,22%
13/11/2024;112,41;112,41;112,41;112,41;;-1,35%
12/11/2024;113,95;113,95;113,95;113,95;;-0,56%
11/11/2024;114,59;114,59;114,59;114,59;;-2,87%
08/11/2024;117,98;117,98;117,98;117,98;;4,23%
07/11/2024;113,19;113,19;113,19;113,19;;2,01%
06/11/2024;110,96;110,96;110,96;110,96;;0,99%
05/11/2024;109,87;109,87;109,87;109,87;;-2,11%
04/11/2024;112,24;112,24;112,24;112,24;;13,57%
01/11/2024;98,83;98,83;98,83;98,83;;2,86%
31/10/2024;96,08;96,08;96,08;96,08;;11,59%
30/10/2024;86,1;86,1;86,1;86,1;;0,00%
29/10/2024;86,1;86,1;86,1;86,1;;-0,38%
28/10/2024;86,43;86,43;86,43;86,43;;0,98%
25/10/2024;85,59;85,59;85,59;85,59;;-0,27%
24/10/2024;85,82;85,82;85,82;85,82;;2,40%
23/10/2024;83,81;83,81;83,81;83,81;;6,20%
22/10/2024;78,92;78,92;78,92;78,92;;-0,11%
21/10/2024;79,01;79,01;79,01;79,01;;2,93%
18/10/2024;76,76;76,76;76,76;76,76;;0,33%
17/10/2024;76,51;76,51;76,51;76,51;;2,70%
16/10/2024;74,5;74,5;74,5;74,5;;-3,07%
15/10/2024;76,86;76,86;76,86;76,86;;-0,36%
14/10/2024;77,14;77,14;77,14;77,14;;2,81%
11/10/2024;75,03;75,03;75,03;75,03;;-3,55%
10/10/2024;77,79;77,79;77,79;77,79;;0,49%
09/10/2024;77,41;77,41;77,41;77,41;;-1,65%
08/10/2024;78,71;77,69;77,69;77,69;;1,23%
07/10/2024;77,75;77,75;77,75;77,75;;3,83%
04/10/2024;74,88;74,88;74,88;74,88;;-1,10%
03/10/2024;75,71;75,71;75,71;75,71;;-0,86%
02/10/2024;76,37;76,37;76,37;76,37;;-1,96%
01/10/2024;77,9;77,9;77,9;77,9;;-1,30%
30/09/2024;78,93;78,93;78,93;78,93;;-0,69%
26/09/2024;79,48;79,48;79,48;79,48;;-0,67%
25/09/2024;80,02;80,02;80,02;80,02;;-1,25%
24/09/2024;81,03;81,03;81,03;81,03;;-1,13%
23/09/2024;81,96;81,96;81,96;81,96;;3,85%
20/09/2024;78,92;78,92;78,92;78,92;;0,62%
19/09/2024;78,43;78,43;78,43;78,43;;-1,73%
18/09/2024;79,81;79,81;79,81;79,81;;-1,66%
17/09/2024;81,16;81,16;81,16;81,16;;0,86%
16/09/2024;80,47;80,47;80,47;80,47;;-4,09%
13/09/2024;83,9;83,9;83,9;83,9;;-1,39%
12/09/2024;85,08;85,08;85,08;85,08;;-2,64%
11/09/2024;87,39;87,39;87,39;87,39;;-0,50%
10/09/2024;87,83;87,83;87,83;87,83;;-2,80%
09/09/2024;90,36;90,36;90,36;90,36;;0,29%
06/09/2024;90,1;90,1;90,1;90,1;;4,16%
05/09/2024;86,5;86,5;86,5;86,5;;0,68%
04/09/2024;85,92;85,92;85,92;85,92;;-3,10%
03/09/2024;88,67;88,67;88,67;88,67;;8,07%
30/08/2024;82,05;82,05;82,05;82,05;;-0,02%
29/08/2024;82,07;82,07;82,07;82,07;;-0,28%
28/08/2024;82,3;82,3;82,3;82,3;;-0,18%
27/08/2024;82,45;82,45;82,45;82,45;;0,50%
26/08/2024;82,04;82,04;82,04;82,04;;0,02%
23/08/2024;82,02;82,02;82,02;82,02;;-1,45%
22/08/2024;83,23;83,23;83,23;83,23;;-1,77%
21/08/2024;84,73;84,73;84,73;84,73;;-0,20%
20/08/2024;84,9;84,9;84,9;84,9;;-1,67%
19/08/2024;86,34;86,34;86,34;86,34;;2,81%
16/08/2024;83,98;83,98;83,98;83,98;;-0,59%
15/08/2024;84,48;84,48;84,48;84,48;;0,08%
14/08/2024;84,41;84,41;84,41;84,41;;1,72%
13/08/2024;82,98;82,98;82,98;82,98;;-0,49%
12/08/2024;83,39;83,39;83,39;83,39;;8,76%
09/08/2024;76,67;76,67;76,67;76,67;;2,01%
08/08/2024;75,16;75,16;75,16;75,16;;-0,15%
07/08/2024;75,27;75,27;75,27;75,27;;-0,30%
06/08/2024;75,5;75,5;75,5;75,5;;3,75%
05/08/2024;72,77;72,77;72,77;72,77;;-3,69%
02/08/2024;75,56;75,56;75,56;75,56;;-1,31%
01/08/2024;76,56;76,56;76,56;76,56;;1,22%
31/07/2024;75,64;75,64;75,64;75,64;;11,73%
30/07/2024;67,7;67,7;67,7;67,7;;-0,27%
29/07/2024;67,88;67,88;67,88;67,88;;0,19%
26/07/2024;67,75;67,75;67,75;67,75;;-0,44%
25/07/2024;68,05;68,05;68,05;68,05;;-0,35%
24/07/2024;68,29;68,29;68,29;68,29;;1,62%
23/07/2024;67,2;67,2;67,2;67,2;;0,45%
22/07/2024;66,9;66,9;66,9;66,9;;2,39%
19/07/2024;65,34;65,34;65,34;65,34;;1,78%
18/07/2024;64,2;64,2;64,2;64,2;;2,98%
17/07/2024;62,34;62,34;62,34;62,34;;-1,41%
16/07/2024;63,23;63,23;63,23;63,23;;2,00%
15/07/2024;61,99;61,99;61,99;61,99;;-6,00%
12/07/2024;65,95;65,95;65,95;65,95;;-0,99%
11/07/2024;66,61;66,61;66,61;66,61;;-0,60%
10/07/2024;67,01;67,01;67,01;67,01;;-1,00%
09/07/2024;67,69;67,69;67,69;67,69;;-3,02%
08/07/2024;69,8;69,8;69,8;69,8;;-2,46%
05/07/2024;71,56;71,56;71,56;71,56;;-1,66%
03/07/2024;72,77;72,77;72,77;72,77;;-3,83%
02/07/2024;75,67;75,67;75,67;75,67;;0,33%
01/07/2024;75,42;75,42;75,42;75,42;;-11,53%
28/06/2024;85,25;85,25;85,25;85,25;;-0,53%
27/06/2024;85,7;85,7;85,7;85,7;;-0,29%
26/06/2024;85,95;85,95;85,95;85,95;;-2,34%
25/06/2024;88,01;88,01;88,01;88,01;;18,90%
24/06/2024;74,02;74,02;74,02;74,02;;-0,67%
21/06/2024;74,52;74,52;74,52;74,52;;2,60%
20/06/2024;72,63;72,63;72,63;72,63;;3,83%
18/06/2024;69,95;69,95;69,95;69,95;;1,33%
17/06/2024;69,03;69,03;69,03;69,03;;-1,62%
14/06/2024;70,17;70,17;70,17;70,17;;-1,17%
13/06/2024;71;71;71;71;;1,62%
12/06/2024;69,87;69,87;69,87;69,87;;-2,48%
11/06/2024;71,65;71,65;71,65;71,65;;-1,55%
10/06/2024;72,78;72,78;72,78;72,78;;-0,75%
07/06/2024;73,33;73,33;73,33;73,33;;-2,06%
06/06/2024;74,87;74,87;74,87;74,87;;-1,80%
05/06/2024;76,24;76,24;76,24;76,24;;-0,10%
04/06/2024;76,32;76,32;76,32;76,32;;3,82%
31/05/2024;73,51;73,51;73,51;73,51;;9,37%
30/05/2024;67,21;67,21;67,21;67,21;;-0,24%
29/05/2024;67,37;67,37;67,37;67,37;;0,73%
28/05/2024;66,88;66,88;66,88;66,88;;-0,79%
24/05/2024;67,41;67,41;67,41;67,41;;0,07%
23/05/2024;67,36;67,36;67,36;67,36;;-0,16%
22/05/2024;67,47;67,47;67,47;67,47;;-0,16%
21/05/2024;67,58;67,58;67,58;67,58;;6,06%
20/05/2024;63,72;63,72;63,72;63,72;;7,74%
17/05/2024;59,14;59,14;59,14;59,14;;3,72%
16/05/2024;57,02;57,02;57,02;57,02;;0,41%
15/05/2024;56,79;56,79;56,79;56,79;;0,19%
14/05/2024;56,68;56,68;56,68;56,68;;0,76%
13/05/2024;56,25;56,25;56,25;56,25;;-11,11%
10/05/2024;63,28;63,28;63,28;63,28;;-4,28%
09/05/2024;66,11;66,11;66,11;66,11;;3,86%
08/05/2024;63,65;63,65;63,65;63,65;;-0,24%
07/05/2024;63,8;63,8;63,8;63,8;;-4,53%
06/05/2024;66,83;66,83;66,83;66,83;;2,36%
03/05/2024;65,29;65,29;65,29;65,29;;2,10%
02/05/2024;63,95;63,95;63,95;63,95;;5,75%
01/05/2024;60,47;60,47;60,47;60,47;;0,00%
30/04/2024;60,47;60,47;60,47;60,47;;-3,03%
29/04/2024;62,36;62,36;62,36;62,36;;-0,80%
26/04/2024;62,86;62,86;62,86;62,86;;-0,41%
25/04/2024;63,12;63,12;63,12;63,12;;0,51%
24/04/2024;62,8;62,8;62,8;62,8;;-0,10%
23/04/2024;62,86;62,86;62,86;62,86;;0,72%
22/04/2024;62,41;62,41;62,41;62,41;;-0,21%
19/04/2024;62,54;62,54;62,54;62,54;;-0,21%
18/04/2024;62,67;62,67;62,67;62,67;;-0,62%
17/04/2024;63,06;63,06;63,06;63,06;;-2,22%
16/04/2024;64,49;64,49;64,49;64,49;;4,20%
15/04/2024;61,89;61,89;61,89;61,89;;6,34%
12/04/2024;58,2;58,2;58,2;58,2;;2,85%
11/04/2024;56,59;56,59;56,59;56,59;;6,45%
10/04/2024;53,16;53,16;53,16;53,16;;-2,24%
09/04/2024;54,38;54,38;54,38;54,38;;2,91%
08/04/2024;52,84;52,84;52,84;52,84;;4,47%
05/04/2024;50,58;50,58;50,58;50,58;;0,48%
04/04/2024;50,34;50,34;50,34;50,34;;-1,78%
03/04/2024;51,25;51,25;51,25;51,25;;-1,37%
02/04/2024;51,96;51,96;51,96;51,96;;-4,80%
01/04/2024;54,58;54,58;54,58;54,58;;-14,85%
28/03/2024;64,1;64,1;64,1;64,1;;0,80%
27/03/2024;63,59;63,59;63,59;63,59;;0,65%
26/03/2024;63,18;63,18;63,18;63,18;;-0,61%
25/03/2024;63,57;63,57;63,57;63,57;;2,15%
22/03/2024;62,23;62,23;62,23;62,23;;0,63%
21/03/2024;61,84;61,84;61,84;61,84;;0,19%
20/03/2024;61,72;61,72;61,72;61,72;;-1,77%
19/03/2024;62,83;62,83;62,83;62,83;;1,16%
18/03/2024;62,11;62,11;62,11;62,11;;1,11%
15/03/2024;61,43;61,43;61,43;61,43;;2,26%
14/03/2024;60,07;60,07;60,07;60,07;;1,18%
13/03/2024;59,37;59,37;59,37;59,37;;2,01%
12/03/2024;58,2;58,2;58,2;58,2;;3,14%
11/03/2024;56,43;56,43;56,43;56,43;;-7,88%
08/03/2024;61,26;61,26;61,26;61,26;;-1,78%
07/03/2024;62,37;62,37;62,37;62,37;;-1,70%
06/03/2024;63,45;63,45;63,45;63,45;;0,52%
05/03/2024;63,12;63,12;63,12;63,12;;3,87%
04/03/2024;60,77;60,77;60,77;60,77;;-0,82%
01/03/2024;61,27;61,27;61,27;61,27;;2,92%
29/02/2024;59,53;59,53;59,53;59,53;;-2,95%
28/02/2024;61,34;61,34;61,34;61,34;;0,21%
27/02/2024;61,21;61,21;61,21;61,21;;-0,13%
26/02/2024;61,29;61,29;61,29;61,29;;-0,05%
23/02/2024;61,32;61,32;61,32;61,32;;1,36%
22/02/2024;60,5;60,5;60,5;60,5;;-0,61%
21/02/2024;60,87;60,87;60,87;60,87;;1,55%
20/02/2024;59,94;59,94;59,94;59,94;;2,20%
16/02/2024;58,65;58,65;58,65;58,65;;-0,66%
15/02/2024;59,04;59,04;59,04;59,04;;-1,57%
14/02/2024;59,98;59,98;59,98;59,98;;-2,26%
13/02/2024;61,37;61,37;61,37;61,37;;-1,06%
12/02/2024;62,03;62,03;62,03;62,03;;-4,05%
09/02/2024;64,65;64,65;64,65;64,65;;-5,09%
08/02/2024;68,12;68,12;68,12;68,12;;-3,35%
07/02/2024;70,48;70,48;70,48;70,48;;-1,97%
06/02/2024;71,9;71,9;71,9;71,9;;1,99%
05/02/2024;70,5;70,5;70,5;70,5;;1,47%
02/02/2024;69,48;69,48;69,48;69,48;;0,45%
01/02/2024;69,17;69,17;69,17;69,17;;-6,12%
31/01/2024;73,68;73,68;73,68;73,68;;-3,77%
30/01/2024;76,57;76,57;76,57;76,57;;0,14%
29/01/2024;76,46;76,46;76,46;76,46;;0,37%
26/01/2024;76,18;76,18;76,18;76,18;;-0,43%
25/01/2024;76,51;76,51;76,51;76,51;;0,05%
24/01/2024;76,47;76,47;76,47;76,47;;1,41%
23/01/2024;75,41;75,41;75,41;75,41;;0,59%
22/01/2024;74,97;74,97;74,97;74,97;;-2,19%
19/01/2024;76,65;76,65;76,65;76,65;;0,31%
18/01/2024;76,41;76,41;76,41;76,41;;0,20%
17/01/2024;76,26;76,26;76,26;76,26;;-2,92%
16/01/2024;78,55;78,55;78,55;78,55;;-1,38%
12/01/2024;79,65;79,65;79,65;79,65;;0,14%
11/01/2024;79,54;79,54;79,54;79,54;;-1,74%
10/01/2024;80,95;80,95;80,95;80,95;;-0,78%
09/01/2024;81,59;81,59;81,59;81,59;;-4,90%
08/01/2024;85,79;85,79;85,79;85,79;;-10,05%
05/01/2024;95,37;95,37;95,37;95,37;;-0,83%
04/01/2024;96,17;96,17;96,17;96,17;;-0,91%
03/01/2024;97,05;97,05;97,05;97,05;;8,69%
02/01/2024;89,29;89,29;89,29;89,29;;28,44%
29/12/2023;69,52;69,52;69,52;69,52;;1,82%
28/12/2023;68,28;68,28;68,28;68,28;;0,09%
27/12/2023;68,22;68,22;68,22;68,22;;-6,39%
26/12/2023;72,88;72,88;72,88;72,88;;0,00%
22/12/2023;72,88;72,88;72,88;72,88;;-1,29%
21/12/2023;73,83;73,83;73,83;73,83;;2,44%
20/12/2023;72,07;72,07;72,07;72,07;;1,18%
19/12/2023;71,23;71,23;71,23;71,23;;-1,47%
18/12/2023;72,29;72,29;72,29;72,29;;-1,81%
15/12/2023;73,62;73,62;73,62;73,62;;-0,82%
14/12/2023;74,23;74,23;74,23;74,23;;-3,83%
13/12/2023;77,19;77,19;77,19;77,19;;-0,13%
12/12/2023;77,29;77,29;77,29;77,29;;-5,12%
11/12/2023;81,46;81,46;81,46;81,46;;-10,01%
08/12/2023;90,52;90,52;90,52;90,52;;-0,58%
07/12/2023;91,05;91,05;91,05;91,05;;3,41%
06/12/2023;88,05;88,05;88,05;88,05;;0,89%
05/12/2023;87,27;87,27;87,27;87,27;;-1,62%
04/12/2023;88,71;88,71;88,71;88,71;;-5,54%
01/12/2023;93,91;93,91;93,91;93,91;;4,43%
30/11/2023;89,93;89,93;89,93;89,93;;-1,31%
29/11/2023;91,12;91,12;91,12;91,12;;0,44%
28/11/2023;90,72;90,72;90,72;90,72;;0,83%
27/11/2023;89,97;89,97;89,97;89,97;;-0,11%
24/11/2023;90,07;90,07;90,07;90,07;;1,21%
22/11/2023;88,99;88,99;88,99;88,99;;0,03%
21/11/2023;88,96;88,96;88,96;88,96;;-0,34%
20/11/2023;89,26;89,26;89,26;89,26;;7,06%
17/11/2023;83,37;83,37;83,37;83,37;;-0,89%
16/11/2023;84,12;84,12;84,12;84,12;;-2,27%
15/11/2023;86,07;86,07;86,07;86,07;;2,67%
14/11/2023;83,83;83,83;83,83;83,83;;-1,42%
13/11/2023;85,04;85,04;85,04;85,04;;-4,59%
10/11/2023;89,13;89,13;89,13;89,13;;-2,18%
09/11/2023;91,12;91,12;91,12;91,12;;3,70%
08/11/2023;87,87;87,87;87,87;87,87;;-0,08%
07/11/2023;87,94;87,94;87,94;87,94;;6,52%
06/11/2023;82,56;82,56;82,56;82,56;;1,38%
03/11/2023;81,44;81,44;81,44;81,44;;0,39%
02/11/2023;81,12;81,12;81,12;81,12;;-5,55%
01/11/2023;85,89;85,89;85,89;85,89;;-6,90%
31/10/2023;92,26;92,26;92,26;92,26;;5,55%
30/10/2023;87,41;87,41;87,41;87,41;;-0,85%
27/10/2023;88,16;88,16;88,16;88,16;;2,45%
26/10/2023;86,05;86,05;86,05;86,05;;-0,59%
25/10/2023;86,56;86,56;86,56;86,56;;0,60%
24/10/2023;86,04;86,04;86,04;86,04;;-0,69%
23/10/2023;86,64;86,64;86,64;86,64;;-0,64%
20/10/2023;87,2;87,2;87,2;87,2;;1,05%
19/10/2023;86,29;86,29;86,29;86,29;;0,89%
18/10/2023;85,53;85,53;85,53;85,53;;1,94%
17/10/2023;83,9;83,9;83,9;83,9;;-4,76%
16/10/2023;88,09;88,09;88,09;88,09;;-3,92%
13/10/2023;91,68;91,68;91,68;91,68;;-1,14%
12/10/2023;92,74;92,74;92,74;92,74;;1,02%
11/10/2023;91,8;91,8;91,8;91,8;;-4,13%
10/10/2023;95,75;95,75;95,75;95,75;;5,21%
09/10/2023;91,01;91,01;91,01;91,01;;14,87%
06/10/2023;79,23;79,23;79,23;79,23;;0,61%
05/10/2023;78,75;78,75;78,75;78,75;;-4,59%
04/10/2023;82,54;82,54;82,54;82,54;;6,43%
03/10/2023;77,55;77,55;77,55;77,55;;-8,88%
02/10/2023;85,11;85,11;85,11;85,11;;-15,50%
29/09/2023;100,72;100,72;100,72;100,72;;-0,19%
28/09/2023;100,91;100,91;100,91;100,91;;-0,43%
27/09/2023;101,35;101,35;101,35;101,35;;0,47%
26/09/2023;100,88;100,88;100,88;100,88;;-0,07%
25/09/2023;100,95;100,95;100,95;100,95;;-0,02%
22/09/2023;100,97;100,97;100,97;100,97;;1,53%
21/09/2023;99,45;99,45;99,45;99,45;;1,60%
20/09/2023;97,88;97,88;97,88;97,88;;0,99%
19/09/2023;96,92;96,92;96,92;96,92;;2,68%
18/09/2023;94,39;94,39;94,39;94,39;;2,45%
15/09/2023;92,13;92,13;92,13;92,13;;-0,99%
14/09/2023;93,05;93,05;93,05;93,05;;-0,36%
13/09/2023;93,39;93,39;93,39;93,39;;-2,30%
12/09/2023;95,59;95,59;95,59;95,59;;-1,88%
11/09/2023;97,42;97,42;97,42;97,42;;3,55%
08/09/2023;94,08;94,08;94,08;94,08;;1,12%
07/09/2023;93,04;93,04;93,04;93,04;;1,17%
06/09/2023;91,96;91,96;91,96;91,96;;-3,42%
05/09/2023;95,22;95,22;95,22;95,22;;-1,59%
01/09/2023;96,76;96,76;96,76;96,76;;-0,20%
31/08/2023;96,95;96,95;96,95;96,95;;2,79%
30/08/2023;94,32;94,32;94,32;94,32;;0,00%
29/08/2023;94,32;94,32;94,32;94,32;;-0,03%
28/08/2023;94,35;94,35;94,35;94,35;;0,06%
25/08/2023;94,29;94,29;94,29;94,29;;1,30%
24/08/2023;93,08;93,08;93,08;93,08;;-1,70%
23/08/2023;94,69;94,69;94,69;94,69;;0,14%
22/08/2023;94,56;94,56;94,56;94,56;;5,21%
21/08/2023;89,88;89,88;89,88;89,88;;6,09%
18/08/2023;84,72;84,72;84,72;84,72;;0,24%
17/08/2023;84,52;84,52;84,52;84,52;;-0,39%
16/08/2023;84,85;84,85;84,85;84,85;;0,13%
15/08/2023;84,74;84,74;84,74;84,74;;3,64%
14/08/2023;81,76;81,76;81,76;81,76;;-1,12%
11/08/2023;82,69;82,69;82,69;82,69;;-1,45%
10/08/2023;83,91;83,91;83,91;83,91;;-2,16%
09/08/2023;85,76;85,76;85,76;85,76;;7,60%
08/08/2023;79,7;79,7;79,7;79,7;;2,36%
07/08/2023;77,86;77,86;77,86;77,86;;-1,14%
04/08/2023;78,76;78,76;78,76;78,76;;-0,76%
03/08/2023;79,36;79,36;79,36;79,36;;4,89%
02/08/2023;75,66;75,66;75,66;75,66;;0,44%
01/08/2023;75,33;75,33;75,33;75,33;;-3,90%
31/07/2023;78,39;78,39;78,39;78,39;;0,50%
28/07/2023;78;78;78;78;;0,67%
27/07/2023;77,48;77,48;77,48;77,48;;-0,24%
26/07/2023;77,67;77,67;77,67;77,67;;-0,79%
25/07/2023;78,29;78,29;78,29;78,29;;0,28%
24/07/2023;78,07;78,07;78,07;78,07;;3,20%
21/07/2023;75,65;75,65;75,65;75,65;;1,22%
20/07/2023;74,74;74,74;74,74;74,74;;-0,56%
19/07/2023;75,16;75,16;75,16;75,16;;-1,03%
18/07/2023;75,94;75,94;75,94;75,94;;-0,95%
17/07/2023;76,67;76,67;76,67;76,67;;-0,27%
14/07/2023;76,88;76,88;76,88;76,88;;0,23%
13/07/2023;76,7;76,7;76,7;76,7;;-1,94%
12/07/2023;78,22;78,22;78,22;78,22;;-1,00%
11/07/2023;79,01;79,01;79,01;79,01;;-0,95%
10/07/2023;79,77;79,77;79,77;79,77;;-3,50%
07/07/2023;82,66;82,66;82,66;82,66;;-1,35%
06/07/2023;83,79;83,79;83,79;83,79;;-3,00%
05/07/2023;86,38;86,38;86,38;86,38;;-2,03%
03/07/2023;88,17;88,17;88,17;88,17;;-8,61%
30/06/2023;96,48;96,48;96,48;96,48;;1,82%
29/06/2023;94,76;94,76;94,76;94,76;;0,04%
28/06/2023;94,72;94,72;94,72;94,72;;0,14%
27/06/2023;94,59;94,59;94,59;94,59;;0,06%
26/06/2023;94,53;94,53;94,53;94,53;;1,51%
23/06/2023;93,12;93,12;93,12;93,12;;0,31%
22/06/2023;92,83;92,83;92,83;92,83;;-2,06%
21/06/2023;94,78;94,78;94,78;94,78;;-2,54%
20/06/2023;97,25;97,25;97,25;97,25;;5,03%
16/06/2023;92,59;92,59;92,59;92,59;;-3,23%
15/06/2023;95,68;95,68;95,68;95,68;;1,03%
14/06/2023;94,7;94,7;94,7;94,7;;3,70%
13/06/2023;91,32;91,32;91,32;91,32;;4,06%
12/06/2023;87,76;87,76;87,76;87,76;;2,98%
09/06/2023;85,22;85,22;85,22;85,22;;6,93%
08/06/2023;79,7;79,7;79,7;79,7;;0,42%
07/06/2023;79,37;79,37;79,37;79,37;;0,86%
06/06/2023;78,69;78,69;78,69;78,69;;-3,22%
05/06/2023;81,31;81,31;81,31;81,31;;13,02%
02/06/2023;71,94;71,94;71,94;71,94;;1,01%
01/06/2023;71,22;71,22;71,22;71,22;;-6,10%
31/05/2023;75,85;75,85;75,85;75,85;;-7,18%
30/05/2023;81,72;81,72;81,72;81,72;;0,13%
26/05/2023;81,61;81,61;81,61;81,61;;0,13%
25/05/2023;81,5;81,5;81,5;81,5;;-1,27%
23/05/2023;82,55;82,55;82,55;82,55;;-1,13%
22/05/2023;83,49;83,49;83,49;83,49;;-2,87%
19/05/2023;85,96;85,96;85,96;85,96;;-0,20%
18/05/2023;86,13;86,13;86,13;86,13;;-1,39%
17/05/2023;87,34;87,34;87,34;87,34;;-0,34%
16/05/2023;87,64;87,64;87,64;87,64;;-1,14%
15/05/2023;88,65;88,65;88,65;88,65;;-3,22%
12/05/2023;91,6;91,6;91,6;91,6;;-0,25%
11/05/2023;91,83;91,83;91,83;91,83;;1,25%
10/05/2023;90,7;90,7;90,7;90,7;;-0,31%
09/05/2023;90,98;90,98;90,98;90,98;;0,01%
08/05/2023;90,97;90,97;90,97;90,97;;1,19%
05/05/2023;89,9;89,9;89,9;89,9;;0,77%
04/05/2023;89,21;89,21;89,21;89,21;;-1,49%
03/05/2023;90,56;90,56;90,56;90,56;;-1,22%
02/05/2023;91,68;91,68;91,68;91,68;;-1,00%
01/05/2023;92,61;92,61;92,61;92,61;;-8,38%
28/04/2023;101,08;101,08;101,08;101,08;;-0,12%
27/04/2023;101,2;101,2;101,2;101,2;;0,11%
26/04/2023;101,09;101,09;101,09;101,09;;-0,62%
25/04/2023;101,72;101,72;101,72;101,72;;-0,28%
24/04/2023;102,01;102,01;102,01;102,01;;1,24%
21/04/2023;100,76;100,76;100,76;100,76;;-0,06%
20/04/2023;100,82;100,82;100,82;100,82;;0,90%
19/04/2023;99,92;99,92;99,92;99,92;;-1,06%
18/04/2023;100,99;100,99;100,99;100,99;;0,14%
17/04/2023;100,85;100,85;100,85;100,85;;-1,63%
14/04/2023;102,52;102,52;102,52;102,52;;-0,10%
13/04/2023;102,62;102,62;102,62;102,62;;-1,45%
12/04/2023;104,13;104,13;104,13;104,13;;-1,15%
11/04/2023;105,34;105,34;105,34;105,34;;1,38%
10/04/2023;103,91;103,91;103,91;103,91;;-0,10%
06/04/2023;104,01;104,01;104,01;104,01;;-4,05%
05/04/2023;108,4;108,4;108,4;108,4;;-3,27%
04/04/2023;112,07;112,07;112,07;112,07;;-2,20%
03/04/2023;114,59;114,59;114,59;114,59;;3,87%
31/03/2023;110,32;110,32;110,32;110,32;;7,61%
30/03/2023;102,52;102,52;102,52;102,52;;0,17%
29/03/2023;102,35;102,35;102,35;102,35;;0,08%
28/03/2023;102,27;102,27;102,27;102,27;;0,53%
27/03/2023;101,73;101,73;101,73;101,73;;-0,05%
24/03/2023;101,78;101,78;101,78;101,78;;-1,11%
23/03/2023;102,92;102,92;102,92;102,92;;0,08%
22/03/2023;102,84;102,84;102,84;102,84;;0,25%
21/03/2023;102,58;102,58;102,58;102,58;;1,15%
20/03/2023;101,41;101,41;101,41;101,41;;-1,94%
17/03/2023;103,42;103,42;103,42;103,42;;-1,63%
16/03/2023;105,13;105,13;105,13;105,13;;1,34%
15/03/2023;103,74;103,74;103,74;103,74;;-2,92%
14/03/2023;106,86;106,86;106,86;106,86;;-2,56%
13/03/2023;109,67;109,67;109,67;109,67;;-5,33%
10/03/2023;115,84;115,84;115,84;115,84;;4,14%
09/03/2023;111,24;111,24;111,24;111,24;;1,57%
08/03/2023;109,52;109,52;109,52;109,52;;-0,71%
07/03/2023;110,3;110,3;110,3;110,3;;0,29%
06/03/2023;109,98;109,98;109,98;109,98;;-3,91%
03/03/2023;114,46;114,46;114,46;114,46;;-3,59%
02/03/2023;118,72;118,72;118,72;118,72;;-0,83%
01/03/2023;119,71;119,71;119,71;119,71;;-1,01%
28/02/2023;120,93;120,93;120,93;120,93;;-5,75%
27/02/2023;128,31;128,31;128,31;128,31;;0,02%
24/02/2023;128,29;128,29;128,29;128,29;;0,27%
23/02/2023;127,95;127,95;127,95;127,95;;-0,60%
22/02/2023;128,72;128,72;128,72;128,72;;-0,27%
21/02/2023;129,07;129,07;129,07;129,07;;-0,08%
17/02/2023;129,17;129,17;129,17;129,17;;-0,49%
16/02/2023;129,81;129,81;129,81;129,81;;0,76%
15/02/2023;128,83;128,83;128,83;128,83;;-0,45%
14/02/2023;129,41;129,41;129,41;129,41;;0,20%
13/02/2023;129,15;129,15;129,15;129,15;;-3,50%
10/02/2023;133,84;133,84;133,84;133,84;;1,45%
09/02/2023;131,93;131,93;131,93;131,93;;0,73%
08/02/2023;130,98;130,98;130,98;130,98;;1,42%
07/02/2023;129,15;129,15;129,15;129,15;;-2,37%
06/02/2023;132,28;132,28;132,28;132,28;;-6,53%
03/02/2023;141,52;141,52;141,52;141,52;;2,11%
02/02/2023;138,59;138,59;138,59;138,59;;-2,94%
01/02/2023;142,79;142,79;142,79;142,79;;0,77%
31/01/2023;141,7;141,7;141,7;141,7;;20,26%
30/01/2023;117,83;117,83;117,83;117,83;;-0,16%
27/01/2023;118,02;118,02;118,02;118,02;;1,67%
26/01/2023;116,08;116,08;116,08;116,08;;-0,22%
25/01/2023;116,34;116,34;116,34;116,34;;-1,28%
24/01/2023;117,85;117,85;117,85;117,85;;-1,08%
23/01/2023;119,14;119,14;119,14;119,14;;0,71%
20/01/2023;118,3;118,3;118,3;118,3;;-0,15%
19/01/2023;118,48;118,48;118,48;118,48;;-0,85%
18/01/2023;119,49;119,49;119,49;119,49;;-0,41%
17/01/2023;119,98;119,98;119,98;119,98;;-3,02%
13/01/2023;123,71;123,71;123,71;123,71;;-0,78%
12/01/2023;124,68;124,68;124,68;124,68;;5,98%
11/01/2023;117,64;117,64;117,64;117,64;;-0,44%
10/01/2023;118,16;118,16;118,16;118,16;;-2,36%
09/01/2023;121,01;121,01;121,01;121,01;;-3,04%
06/01/2023;124,81;124,81;124,81;124,81;;-4,48%
05/01/2023;130,66;130,66;130,66;130,66;;3,35%
04/01/2023;126,42;126,42;126,42;126,42;;-11,21%
03/01/2023;142,38;142,38;142,38;142,38;;-43,41%
30/12/2022;251,62;251,62;251,62;251,62;;-0,33%
29/12/2022;252,45;252,45;252,45;252,45;;-0,17%
28/12/2022;252,88;252,88;252,88;252,88;;-0,52%
27/12/2022;254,2;254,2;254,2;254,2;;-2,37%
23/12/2022;260,37;260,37;260,37;260,37;;-1,77%
22/12/2022;265,05;265,05;265,05;265,05;;-1,43%
21/12/2022;268,89;268,89;268,89;268,89;;-0,16%
20/12/2022;269,32;269,32;269,32;269,32;;-0,90%
19/12/2022;271,76;271,76;271,76;271,76;;1,27%
16/12/2022;268,35;268,35;268,35;268,35;;-4,67%
15/12/2022;281,5;281,5;281,5;281,5;;1,28%
14/12/2022;277,93;277,93;277,93;277,93;;-2,39%
13/12/2022;284,74;284,74;284,74;284,74;;-2,59%
12/12/2022;292,32;292,32;292,32;292,32;;-7,94%
09/12/2022;317,52;317,52;317,52;317,52;;1,27%
08/12/2022;313,54;313,54;313,54;313,54;;-1,13%
07/12/2022;317,13;317,13;317,13;317,13;;3,94%
06/12/2022;305,12;305,12;305,12;305,12;;3,80%
05/12/2022;293,94;293,94;293,94;293,94;;1,85%
02/12/2022;288,6;288,6;288,6;288,6;;-5,04%
01/12/2022;303,92;303,92;303,92;303,92;;-3,71%
30/11/2022;315,62;315,62;315,62;315,62;;81,78%
29/11/2022;173,63;173,63;173,63;173,63;;0,13%
28/11/2022;173,41;173,41;173,41;173,41;;2,83%
25/11/2022;168,63;168,63;168,63;168,63;;-0,89%
23/11/2022;170,14;170,14;170,14;170,14;;3,27%
22/11/2022;164,75;164,75;164,75;164,75;;3,68%
21/11/2022;158,91;158,91;158,91;158,91;;8,26%
18/11/2022;146,78;146,78;146,78;146,78;;-1,36%
17/11/2022;148,8;148,8;148,8;148,8;;0,24%
16/11/2022;148,44;148,44;148,44;148,44;;-5,67%
15/11/2022;157,36;157,36;157,36;157,36;;3,42%
14/11/2022;152,16;152,16;152,16;152,16;;3,21%
11/11/2022;147,43;147,43;147,43;147,43;;-10,98%
10/11/2022;165,62;165,62;165,62;165,62;;2,13%
09/11/2022;162,16;162,16;162,16;162,16;;-1,07%
08/11/2022;163,91;163,91;163,91;163,91;;-1,65%
07/11/2022;166,66;166,66;166,66;166,66;;-18,00%
04/11/2022;203,25;203,25;203,25;203,25;;-8,71%
03/11/2022;222,63;222,63;222,63;222,63;;1,10%
02/11/2022;220,2;220,2;220,2;220,2;;4,99%
01/11/2022;209,73;209,73;209,73;209,73;;1,04%
31/10/2022;207,57;207,57;207,57;207,57;;37,64%
28/10/2022;150,81;150,81;150,81;150,81;;-0,68%
27/10/2022;151,84;151,84;151,84;151,84;;0,02%
26/10/2022;151,81;151,81;151,81;151,81;;0,75%
25/10/2022;150,68;150,68;150,68;150,68;;-0,34%
24/10/2022;151,2;151,2;151,2;151,2;;-6,65%
21/10/2022;161,97;161,97;161,97;161,97;;-2,51%
20/10/2022;166,14;166,14;166,14;166,14;;0,62%
19/10/2022;165,12;165,12;165,12;165,12;;2,06%
18/10/2022;161,78;161,78;161,78;161,78;;-3,87%
17/10/2022;168,3;168,3;168,3;168,3;;-6,60%
14/10/2022;180,19;180,19;180,19;180,19;;-5,71%
13/10/2022;191,1;191,1;191,1;191,1;;-2,60%
12/10/2022;196,21;196,21;196,21;196,21;;2,50%
11/10/2022;191,43;191,43;191,43;191,43;;-2,73%
10/10/2022;196,81;196,81;196,81;196,81;;-10,59%
07/10/2022;220,13;220,13;220,13;220,13;;-6,47%
06/10/2022;235,35;235,35;235,35;235,35;;10,07%
05/10/2022;213,81;213,81;213,81;213,81;;-1,22%
04/10/2022;216,46;216,46;216,46;216,46;;-9,74%
03/10/2022;239,83;239,83;239,83;239,83;;-16,82%
30/09/2022;288,33;288,33;288,33;288,33;;-16,70%
29/09/2022;346,12;346,12;346,12;346,12;;-0,48%
28/09/2022;347,78;347,78;347,78;347,78;;0,11%
27/09/2022;347,41;347,41;347,41;347,41;;0,59%
26/09/2022;345,36;345,36;345,36;345,36;;1,12%
23/09/2022;341,52;341,52;341,52;341,52;;-1,36%
22/09/2022;346,23;346,23;346,23;346,23;;0,36%
21/09/2022;344,98;344,98;344,98;344,98;;0,16%
20/09/2022;344,43;344,43;344,43;344,43;;0,39%
19/09/2022;343,1;343,1;343,1;343,1;;-2,84%
16/09/2022;353,12;353,12;353,12;353,12;;-5,49%
15/09/2022;373,65;373,65;373,65;373,65;;0,00%
14/09/2022;373,64;373,64;373,64;373,64;;2,99%
13/09/2022;362,79;362,79;362,79;362,79;;0,85%
12/09/2022;359,75;359,75;359,75;359,75;;-5,82%
09/09/2022;381,97;381,97;381,97;381,97;;-2,74%
08/09/2022;392,74;392,74;392,74;392,74;;-2,40%
07/09/2022;402,38;402,38;402,38;402,38;;-1,98%
06/09/2022;410,5;410,5;410,5;410,5;;-3,69%
02/09/2022;426,21;426,21;426,21;426,21;;-5,27%
01/09/2022;449,92;449,92;449,92;449,92;;-3,26%
31/08/2022;465,1;465,1;465,1;465,1;;-0,02%
30/08/2022;465,18;465,18;465,18;465,18;;0,65%
29/08/2022;462,17;462,17;462,17;462,17;;-0,63%
26/08/2022;465,08;465,08;465,08;465,08;;0,33%
25/08/2022;463,55;463,55;463,55;463,55;;1,55%
24/08/2022;456,49;456,49;456,49;456,49;;0,06%
23/08/2022;456,2;456,2;456,2;456,2;;-0,89%
22/08/2022;460,3;460,3;460,3;460,3;;3,18%
19/08/2022;446,11;446,11;446,11;446,11;;0,38%
18/08/2022;444,43;444,43;444,43;444,43;;0,89%
17/08/2022;440,49;440,49;440,49;440,49;;4,25%
16/08/2022;422,54;422,54;422,54;422,54;;5,94%
15/08/2022;398,85;398,85;398,85;398,85;;5,96%
12/08/2022;376,41;376,41;376,41;376,41;;-1,39%
11/08/2022;381,7;381,7;381,7;381,7;;3,44%
10/08/2022;369,01;369,01;369,01;369,01;;6,59%
09/08/2022;346,19;346,19;346,19;346,19;;-1,76%
08/08/2022;352,38;352,38;352,38;352,38;;-6,71%
05/08/2022;377,72;377,72;377,72;377,72;;-2,78%
04/08/2022;388,54;388,54;388,54;388,54;;-0,49%
03/08/2022;390,45;390,45;390,45;390,45;;-0,99%
02/08/2022;394,35;394,35;394,35;394,35;;4,68%
01/08/2022;376,71;376,71;376,71;376,71;;19,22%
29/07/2022;315,98;315,98;315,98;315,98;;0,39%
28/07/2022;314,76;314,76;314,76;314,76;;-0,29%
27/07/2022;315,68;315,68;315,68;315,68;;0,24%
26/07/2022;314,92;314,92;314,92;314,92;;3,42%
25/07/2022;304,52;304,52;304,52;304,52;;-0,20%
22/07/2022;305,13;305,13;305,13;305,13;;1,17%
21/07/2022;301,59;301,59;301,59;301,59;;-0,51%
20/07/2022;303,14;303,14;303,14;303,14;;-0,26%
19/07/2022;303,92;303,92;303,92;303,92;;0,03%
18/07/2022;303,82;303,82;303,82;303,82;;-2,20%
15/07/2022;310,67;310,67;310,67;310,67;;-2,75%
14/07/2022;319,44;319,44;319,44;319,44;;3,27%
13/07/2022;309,32;309,32;309,32;309,32;;1,90%
12/07/2022;303,54;303,54;303,54;303,54;;-4,60%
11/07/2022;318,17;318,17;318,17;318,17;;-2,87%
08/07/2022;327,57;327,57;327,57;327,57;;-6,98%
07/07/2022;352,16;352,16;352,16;352,16;;7,23%
06/07/2022;328,43;328,43;328,43;328,43;;8,80%
05/07/2022;301,87;301,87;301,87;301,87;;7,30%
01/07/2022;281,33;281,33;281,33;281,33;;-5,19%
30/06/2022;296,73;296,73;296,73;296,73;;36,10%
29/06/2022;218,03;218,03;218,03;218,03;;0,06%
28/06/2022;217,89;217,89;217,89;217,89;;-0,11%
27/06/2022;218,13;218,13;218,13;218,13;;0,61%
24/06/2022;216,8;216,8;216,8;216,8;;-0,52%
23/06/2022;217,93;217,93;217,93;217,93;;0,67%
22/06/2022;216,49;216,49;216,49;216,49;;1,73%
21/06/2022;212,81;212,81;212,81;212,81;;6,47%
17/06/2022;199,87;199,87;199,87;199,87;;-0,96%
16/06/2022;201,8;201,8;201,8;201,8;;6,08%
15/06/2022;190,24;190,24;190,24;190,24;;8,62%
14/06/2022;175,15;175,15;175,15;175,15;;4,14%
13/06/2022;168,19;168,19;168,19;168,19;;-0,04%
10/06/2022;168,25;168,25;168,25;168,25;;-1,11%
09/06/2022;170,13;170,13;170,13;170,13;;4,78%
08/06/2022;162,37;162,37;162,37;162,37;;-5,11%
07/06/2022;171,11;171,11;171,11;171,11;;-2,71%
06/06/2022;175,87;175,87;175,87;175,87;;-0,75%
03/06/2022;177,2;177,2;177,2;177,2;;-2,80%
02/06/2022;182,31;182,31;182,31;182,31;;-2,17%
01/06/2022;186,35;186,35;186,35;186,35;;-4,52%
31/05/2022;195,17;195,17;195,17;195,17;;10,80%
27/05/2022;176,14;176,14;176,14;176,14;;-0,37%
26/05/2022;176,79;176,79;176,79;176,79;;0,03%
25/05/2022;176,74;176,74;176,74;176,74;;0,10%
24/05/2022;176,57;176,57;176,57;176,57;;0,36%
23/05/2022;175,93;175,93;175,93;175,93;;-2,82%
20/05/2022;181,03;181,03;181,03;181,03;;-0,45%
19/05/2022;181,84;181,84;181,84;181,84;;-1,98%
18/05/2022;185,52;185,52;185,52;185,52;;-0,69%
17/05/2022;186,8;186,8;186,8;186,8;;0,77%
16/05/2022;185,37;185,37;185,37;185,37;;-1,27%
13/05/2022;187,75;187,75;187,75;187,75;;-2,87%
12/05/2022;193,3;193,3;193,3;193,3;;4,59%
11/05/2022;184,81;184,81;184,81;184,81;;-0,03%
10/05/2022;184,86;184,86;184,86;184,86;;-1,65%
09/05/2022;187,96;187,96;187,96;187,96;;-3,36%
06/05/2022;194,5;194,5;194,5;194,5;;-4,10%
05/05/2022;202,82;202,82;202,82;202,82;;1,23%
04/05/2022;200,35;200,35;200,35;200,35;;1,78%
03/05/2022;196,84;196,84;196,84;196,84;;2,37%
02/05/2022;192,29;192,29;192,29;192,29;;16,03%
29/04/2022;165,73;165,73;165,73;165,73;;0,14%
28/04/2022;165,5;165,5;165,5;165,5;;0,07%
27/04/2022;165,39;165,39;165,39;165,39;;0,49%
26/04/2022;164,58;164,58;164,58;164,58;;-0,24%
25/04/2022;164,97;164,97;164,97;164,97;;-0,52%
22/04/2022;165,83;165,83;165,83;165,83;;-0,57%
21/04/2022;166,78;166,78;166,78;166,78;;2,02%
20/04/2022;163,47;163,47;163,47;163,47;;0,34%
19/04/2022;162,91;162,91;162,91;162,91;;-5,21%
18/04/2022;171,86;171,86;171,86;171,86;;-0,96%
14/04/2022;173,53;173,53;173,53;173,53;;-1,18%
13/04/2022;175,6;175,6;175,6;175,6;;-0,98%
12/04/2022;177,34;177,34;177,34;177,34;;-0,56%
11/04/2022;178,33;178,33;178,33;178,33;;1,52%
08/04/2022;175,66;175,66;175,66;175,66;;-0,82%
07/04/2022;177,11;177,11;177,11;177,11;;-2,34%
06/04/2022;181,35;181,35;181,35;181,35;;-0,05%
05/04/2022;181,44;181,44;181,44;181,44;;-1,42%
04/04/2022;184,06;184,06;184,06;184,06;;-12,76%
01/04/2022;210,97;210,97;210,97;210,97;;-9,49%
31/03/2022;233,09;233,09;233,09;233,09;;-7,51%
30/03/2022;252,01;252,01;252,01;252,01;;-0,16%
29/03/2022;252,42;252,42;252,42;252,42;;-0,15%
28/03/2022;252,81;252,81;252,81;252,81;;0,17%
25/03/2022;252,38;252,38;252,38;252,38;;-1,49%
24/03/2022;256,19;256,19;256,19;256,19;;1,64%
23/03/2022;252,06;252,06;252,06;252,06;;1,62%
22/03/2022;248,03;248,03;248,03;248,03;;-0,18%
21/03/2022;248,47;248,47;248,47;248,47;;-0,04%
18/03/2022;248,57;248,57;248,57;248,57;;0,01%
17/03/2022;248,55;248,55;248,55;248,55;;-0,05%
16/03/2022;248,67;248,67;248,67;248,67;;-3,71%
15/03/2022;258,25;258,25;258,25;258,25;;0,85%
14/03/2022;256,07;256,07;256,07;256,07;;-6,72%
11/03/2022;274,53;274,53;274,53;274,53;;-6,80%
10/03/2022;294,56;294,56;294,56;294,56;;-7,57%
09/03/2022;318,68;318,68;318,68;318,68;;-17,68%
08/03/2022;387,1;387,1;387,1;387,1;;-6,09%
07/03/2022;412,19;412,19;412,19;412,19;;8,23%
04/03/2022;380,85;380,85;380,85;380,85;;22,12%
03/03/2022;311,87;311,87;311,87;311,87;;6,01%
02/03/2022;294,18;294,18;294,18;294,18;;28,52%
01/03/2022;228,89;228,89;228,89;228,89;;4,31%
28/02/2022;219,43;219,43;219,43;219,43;;72,06%
25/02/2022;127,53;127,53;127,53;127,53;;-2,41%
24/02/2022;130,68;130,68;130,68;130,68;;3,37%
23/02/2022;126,42;126,42;126,42;126,42;;0,29%
22/02/2022;126,06;126,06;126,06;126,06;;4,07%
18/02/2022;121,13;121,13;121,13;121,13;;-0,45%
17/02/2022;121,68;121,68;121,68;121,68;;0,98%
16/02/2022;120,5;120,5;120,5;120,5;;-2,99%
15/02/2022;124,22;124,22;124,22;124,22;;-1,00%
14/02/2022;125,48;125,48;125,48;125,48;;-3,58%
11/02/2022;130,14;130,14;130,14;130,14;;-4,72%
10/02/2022;136,58;136,58;136,58;136,58;;-1,95%
09/02/2022;139,29;139,29;139,29;139,29;;-0,99%
08/02/2022;140,68;140,68;140,68;140,68;;-2,27%
07/02/2022;143,95;143,95;143,95;143,95;;-11,55%
04/02/2022;162,74;162,74;162,74;162,74;;-0,32%
03/02/2022;163,27;163,27;163,27;163,27;;-5,31%
02/02/2022;172,43;172,43;172,43;172,43;;4,46%
01/02/2022;165,07;165,07;165,07;165,07;;-8,40%
31/01/2022;180,2;180,2;180,2;180,2;;7,20%
28/01/2022;168,1;168,1;168,1;168,1;;-0,38%
27/01/2022;168,74;168,74;168,74;168,74;;1,30%
26/01/2022;166,58;166,58;166,58;166,58;;-0,01%
25/01/2022;166,59;166,59;166,59;166,59;;-0,96%
24/01/2022;168,21;168,21;168,21;168,21;;-0,02%
21/01/2022;168,24;168,24;168,24;168,24;;1,47%
20/01/2022;165,81;165,81;165,81;165,81;;-3,68%
19/01/2022;172,15;172,15;172,15;172,15;;0,40%
18/01/2022;171,46;171,46;171,46;171,46;;-0,99%
14/01/2022;173,18;173,18;173,18;173,18;;1,25%
13/01/2022;171,04;171,04;171,04;171,04;;-0,30%
12/01/2022;171,55;171,55;171,55;171,55;;-3,28%
11/01/2022;177,36;177,36;177,36;177,36;;-3,30%
10/01/2022;183,42;183,42;183,42;183,42;;-4,70%
07/01/2022;192,46;192,46;192,46;192,46;;-1,69%
06/01/2022;195,76;195,76;195,76;195,76;;2,78%
05/01/2022;190,46;190,46;190,46;190,46;;-2,30%
04/01/2022;194,95;194,95;194,95;194,95;;3,73%
03/01/2022;187,94;187,94;187,94;187,94;;-15,13%
31/12/2021;221,44;221,44;221,44;221,44;;0,17%
30/12/2021;221,06;221,06;221,06;221,06;;-0,50%
29/12/2021;222,16;222,16;222,16;222,16;;-0,35%
28/12/2021;222,94;222,94;222,94;222,94;;-0,33%
27/12/2021;223,67;223,67;223,67;223,67;;-8,44%
23/12/2021;244,3;244,3;244,3;244,3;;-3,14%
22/12/2021;252,22;252,22;252,22;252,22;;-0,60%
21/12/2021;253,74;253,74;253,74;253,74;;6,52%
20/12/2021;238,2;238,2;238,2;238,2;;-3,85%
17/12/2021;247,75;247,75;247,75;247,75;;-5,83%
16/12/2021;263,08;263,08;263,08;263,08;;7,77%
15/12/2021;244,11;244,11;244,11;244,11;;1,30%
14/12/2021;240,98;240,98;240,98;240,98;;-0,47%
13/12/2021;242,12;242,12;242,12;242,12;;10,08%
10/12/2021;219,94;219,94;219,94;219,94;;-1,02%
09/12/2021;222,2;222,2;222,2;222,2;;-3,86%
08/12/2021;231,13;231,13;231,13;231,13;;9,42%
07/12/2021;211,24;211,24;211,24;211,24;;1,85%
06/12/2021;207,4;207,4;207,4;207,4;;-3,85%
03/12/2021;215,7;215,7;215,7;215,7;;1,08%
02/12/2021;213,4;213,4;213,4;213,4;;-2,08%
01/12/2021;217,93;217,93;217,93;217,93;;-2,27%
30/11/2021;223;223;223;223;;26,60%
29/11/2021;176,15;176,15;176,15;176,15;;-0,89%
26/11/2021;177,73;177,73;177,73;177,73;;-1,29%
24/11/2021;180,05;180,05;180,05;180,05;;3,52%
23/11/2021;173,92;173,92;173,92;173,92;;-0,89%
22/11/2021;175,49;175,49;175,49;175,49;;0,57%
19/11/2021;174,49;174,49;174,49;174,49;;-1,37%
18/11/2021;176,91;176,91;176,91;176,91;;-2,94%
17/11/2021;182,26;182,26;182,26;182,26;;6,10%
16/11/2021;171,78;171,78;171,78;171,78;;5,33%
15/11/2021;163,09;163,09;163,09;163,09;;5,04%
12/11/2021;155,26;155,26;155,26;155,26;;2,50%
11/11/2021;151,48;151,48;151,48;151,48;;2,16%
10/11/2021;148,27;148,27;148,27;148,27;;-2,64%
09/11/2021;152,29;152,29;152,29;152,29;;-0,48%
08/11/2021;153,03;153,03;153,03;153,03;;-3,95%
05/11/2021;159,32;159,32;159,32;159,32;;-0,19%
04/11/2021;159,62;159,62;159,62;159,62;;4,19%
03/11/2021;153,2;153,2;153,2;153,2;;-0,13%
02/11/2021;153,4;153,4;153,4;153,4;;1,59%
01/11/2021;151;151;151;151;;-0,17%
29/10/2021;151,25;151,25;151,25;151,25;;7,83%
28/10/2021;140,27;140,27;140,27;140,27;;-0,87%
27/10/2021;141,5;141,5;141,5;141,5;;-0,79%
26/10/2021;142,63;142,63;142,63;142,63;;-0,40%
25/10/2021;143,2;143,2;143,2;143,2;;-6,53%
22/10/2021;153,2;153,2;153,2;153,2;;5,04%
21/10/2021;145,85;145,85;145,85;145,85;;1,53%
20/10/2021;143,65;143,65;143,65;143,65;;3,69%
19/10/2021;138,54;138,54;138,54;138,54;;-0,76%
18/10/2021;139,6;139,6;139,6;139,6;;-8,80%
15/10/2021;153,07;153,07;153,07;153,07;;2,37%
14/10/2021;149,53;149,53;149,53;149,53;;-2,41%
13/10/2021;153,23;153,23;153,23;153,23;;4,52%
12/10/2021;146,6;146,6;146,6;146,6;;-1,00%
11/10/2021;148,08;148,08;148,08;148,08;;-8,66%
08/10/2021;162,12;162,12;162,12;162,12;;-8,00%
07/10/2021;176,22;176,22;176,22;176,22;;-13,29%
06/10/2021;203,22;203,22;203,22;203,22;;-1,58%
05/10/2021;206,49;206,49;206,49;206,49;;12,44%
04/10/2021;183,65;183,65;183,65;183,65;;4,41%
01/10/2021;175,89;175,89;175,89;175,89;;9,62%
30/09/2021;160,46;160,46;160,46;160,46;0.03K;25,00%
29/09/2021;128,37;128,37;128,37;128,37;;0,22%
28/09/2021;128,09;128,09;128,09;128,09;;-0,05%
27/09/2021;128,15;128,15;128,15;128,15;;-0,81%
24/09/2021;129,2;129,2;129,2;129,2;;-0,74%
23/09/2021;130,16;130,16;130,16;130,16;;0,54%
22/09/2021;129,46;129,46;129,46;129,46;;-1,14%
21/09/2021;130,95;130,95;130,95;130,95;;-0,72%
20/09/2021;131,9;131,9;131,9;131,9;;2,08%
17/09/2021;129,21;129,21;129,21;129,21;;-9,42%
16/09/2021;142,65;142,65;142,65;142,65;;-0,28%
15/09/2021;143,05;143,05;143,05;143,05;;5,85%
14/09/2021;135,15;135,15;135,15;135,15;;3,73%
13/09/2021;130,29;130,29;130,29;130,29;;5,63%
10/09/2021;123,34;123,34;123,34;123,34;;3,02%
09/09/2021;119,73;119,73;119,73;119,73;;1,98%
08/09/2021;117,4;117,4;117,4;117,4;;1,56%
07/09/2021;115,6;115,6;115,6;115,6;;5,89%
03/09/2021;109,17;109,17;109,17;109,17;;1,35%
02/09/2021;107,72;107,72;107,72;107,72;;5,56%
01/09/2021;102,05;102,05;102,05;102,05;;2,59%
31/08/2021;99,47;99,47;99,47;99,47;;20,28%
30/08/2021;82,7;82,7;82,7;82,7;;1,16%
27/08/2021;81,75;81,75;81,75;81,75;;0,55%
26/08/2021;81,3;81,3;81,3;81,3;;-0,50%
25/08/2021;81,71;81,71;81,71;81,71;;0,89%
24/08/2021;80,99;80,99;80,99;80,99;;0,52%
23/08/2021;80,57;80,57;80,57;80,57;;-1,20%
20/08/2021;81,55;81,55;81,55;81,55;;-0,17%
19/08/2021;81,69;81,69;81,69;81,69;;-2,70%
18/08/2021;83,96;83,96;83,96;83,96;;-0,10%
17/08/2021;84,04;84,04;84,04;84,04;;-0,54%
16/08/2021;84,5;84,5;84,5;84,5;;0,52%
13/08/2021;84,06;84,06;84,06;84,06;;-0,10%
12/08/2021;84,14;84,14;84,14;84,14;;-0,26%
11/08/2021;84,36;84,36;84,36;84,36;;0,54%
10/08/2021;83,91;83,91;83,91;83,91;;0,82%
09/08/2021;83,23;83,23;83,23;83,23;;-1,90%
06/08/2021;84,84;84,84;84,84;84,84;;1,63%
05/08/2021;83,48;83,48;83,48;83,48;;-1,16%
04/08/2021;84,46;84,46;84,46;84,46;;-0,42%
03/08/2021;84,82;84,82;84,82;84,82;;0,84%
02/08/2021;84,11;84,11;84,11;84,11;;3,37%
30/07/2021;81,37;81,37;81,37;81,37;;-0,63%
29/07/2021;81,89;81,89;81,89;81,89;;-0,90%
28/07/2021;82,63;82,63;82,63;82,63;;0,25%
27/07/2021;82,42;82,42;82,42;82,42;;0,34%
26/07/2021;82,14;82,14;82,14;82,14;;-2,35%
23/07/2021;84,12;84,12;84,12;84,12;;-0,32%
22/07/2021;84,39;84,39;84,39;84,39;;-0,62%
21/07/2021;84,92;84,92;84,92;84,92;;-0,27%
20/07/2021;85,15;85,15;85,15;85,15;;-1,58%
19/07/2021;86,52;86,52;86,52;86,52;;1,47%
16/07/2021;85,27;85,27;85,27;85,27;;0,89%
15/07/2021;84,52;84,52;84,52;84,52;;-0,65%
14/07/2021;85,07;85,07;85,07;85,07;;-0,11%
13/07/2021;85,16;85,16;85,16;85,16;;-0,88%
12/07/2021;85,92;85,92;85,92;85,92;;1,55%
09/07/2021;84,61;84,61;84,61;84,61;;0,04%
08/07/2021;84,58;84,58;84,58;84,58;;-1,81%
07/07/2021;86,14;86,14;86,14;86,14;;-0,53%
06/07/2021;86,6;86,6;86,6;86,6;;-2,10%
02/07/2021;88,46;88,46;88,46;88,46;;-0,44%
01/07/2021;88,85;88,85;88,85;88,85;;4,33%
30/06/2021;85,16;85,16;85,16;85,16;;14,96%
29/06/2021;74,08;74,08;74,08;74,08;;0,12%
28/06/2021;73,99;73,99;73,99;73,99;;-0,36%
25/06/2021;74,26;74,26;74,26;74,26;;0,35%
24/06/2021;74;74;74;74;;0,64%
23/06/2021;73,53;73,53;73,53;73,53;;0,41%
22/06/2021;73,23;73,23;73,23;73,23;;1,68%
21/06/2021;72,02;72,02;72,02;72,02;;1,72%
18/06/2021;70,8;70,8;70,8;70,8;;2,83%
17/06/2021;68,85;68,85;68,85;68,85;;-0,78%
16/06/2021;69,39;69,39;69,39;69,39;;1,08%
15/06/2021;68,65;68,65;68,65;68,65;;-1,32%
14/06/2021;69,57;69,57;69,57;69,57;;2,16%
11/06/2021;68,1;68,1;68,1;68,1;;-1,63%
10/06/2021;69,23;69,23;69,23;69,23;;1,63%
09/06/2021;68,12;68,12;68,12;68,12;;-0,19%
08/06/2021;68,25;68,25;68,25;68,25;;1,52%
07/06/2021;67,23;67,23;67,23;67,23;;4,10%
04/06/2021;64,58;64,58;64,58;64,58;;-0,57%
03/06/2021;64,95;64,95;64,95;64,95;;-0,15%
02/06/2021;65,05;65,05;65,05;65,05;;-1,35%
01/06/2021;65,94;65,94;65,94;65,94;;1,59%
28/05/2021;64,91;64,91;64,91;64,91;;20,16%
27/05/2021;54,02;54,02;54,02;54,02;;-0,68%
26/05/2021;54,39;54,39;54,39;54,39;;1,13%
25/05/2021;53,78;53,78;53,78;53,78;;0,79%
24/05/2021;53,36;53,36;53,36;53,36;;0,87%
21/05/2021;52,9;52,9;52,9;52,9;;0,46%
20/05/2021;52,66;52,66;52,66;52,66;;-1,03%
19/05/2021;53,21;53,21;53,21;53,21;;-6,29%
18/05/2021;56,78;56,78;56,78;56,78;;0,00%
17/05/2021;56,78;56,78;56,78;56,78;;-0,56%
14/05/2021;57,1;57,1;57,1;57,1;;-0,47%
13/05/2021;57,37;57,37;57,37;57,37;;0,23%
12/05/2021;57,24;57,24;57,24;57,24;;4,05%
11/05/2021;55,01;55,01;55,01;55,01;;-1,10%
10/05/2021;55,62;55,62;55,62;55,62;;1,02%
07/05/2021;55,06;55,06;55,06;55,06;;-1,54%
06/05/2021;55,92;55,92;55,92;55,92;;3,56%
05/05/2021;54;54;54;54;;1,93%
04/05/2021;52,98;52,98;52,98;52,98;;0,26%
03/05/2021;52,84;52,84;52,84;52,84;;-3,28%
30/04/2021;54,63;54,63;54,63;54,63;;1,90%
29/04/2021;53,61;53,61;53,61;53,61;;0,13%
28/04/2021;53,54;53,54;53,54;53,54;;-0,04%
27/04/2021;53,56;53,56;53,56;53,56;;0,24%
26/04/2021;53,43;53,43;53,43;53,43;;-1,84%
23/04/2021;54,43;54,43;54,43;54,43;;-0,07%
22/04/2021;54,47;54,47;54,47;54,47;;1,72%
21/04/2021;53,55;53,55;53,55;53,55;;0,39%
20/04/2021;53,34;53,34;53,34;53,34;;0,28%
19/04/2021;53,19;53,19;53,19;53,19;;0,06%
16/04/2021;53,16;53,16;53,16;53,16;;1,90%
15/04/2021;52,17;52,17;52,17;52,17;;2,35%
14/04/2021;50,97;50,97;50,97;50,97;;-0,45%
13/04/2021;51,2;51,2;51,2;51,2;;0,57%
12/04/2021;50,91;50,91;50,91;50,91;;3,75%
09/04/2021;49,07;49,07;49,07;49,07;;3,72%
08/04/2021;47,31;47,31;47,31;47,31;;0,40%
07/04/2021;47,12;47,12;47,12;47,12;;-0,70%
06/04/2021;47,45;47,45;47,45;47,45;;1,00%
05/04/2021;46,98;46,98;46,98;46,98;;0,00%
01/04/2021;46,98;46,98;46,98;46,98;;-0,45%
31/03/2021;47,19;47,19;47,19;47,19;;0,06%
30/03/2021;47,16;47,16;47,16;47,16;;-0,02%
29/03/2021;47,17;47,17;47,17;47,17;;-0,15%
26/03/2021;47,24;47,24;47,24;47,24;;0,45%
25/03/2021;47,03;47,03;47,03;47,03;;0,66%
24/03/2021;46,72;46,72;46,72;46,72;;-1,48%
23/03/2021;47,42;47,42;47,42;47,42;;0,87%
22/03/2021;47,01;47,01;47,01;47,01;;-0,55%
19/03/2021;47,27;47,27;47,27;47,27;;-1,38%
18/03/2021;47,93;47,93;47,93;47,93;;0,04%
17/03/2021;47,91;47,91;47,91;47,91;;3,23%
16/03/2021;46,41;46,41;46,41;46,41;;-1,00%
15/03/2021;46,88;46,88;46,88;46,88;;2,16%
12/03/2021;45,89;45,89;45,89;45,89;;1,03%
11/03/2021;45,42;45,42;45,42;45,42;;2,16%
10/03/2021;44,46;44,46;44,46;44,46;;3,40%
09/03/2021;43;43;43;43;;2,45%
08/03/2021;41,97;41,97;41,97;41,97;;-2,28%
05/03/2021;42,95;42,95;42,95;42,95;;2,09%
04/03/2021;42,07;42,07;42,07;42,07;;-0,02%
03/03/2021;42,08;42,08;42,08;42,08;;-0,87%
02/03/2021;42,45;42,45;42,45;42,45;;0,38%
01/03/2021;42,29;42,29;42,29;42,29;;-13,25%
26/02/2021;48,75;48,75;48,75;48,75;;0,16%
25/02/2021;48,67;48,67;48,67;48,67;;-0,39%
24/02/2021;48,86;48,86;48,86;48,86;;0,76%
23/02/2021;48,49;48,49;48,49;48,49;;0,08%
22/02/2021;48,45;48,45;48,45;48,45;;-1,64%
19/02/2021;49,26;49,26;49,26;49,26;;-0,38%
18/02/2021;49,45;49,45;49,45;49,45;;1,23%
17/02/2021;48,85;48,85;48,85;48,85;;-0,57%
16/02/2021;49,13;49,13;49,13;49,13;;-7,63%
12/02/2021;53,19;53,19;53,19;53,19;;-1,19%
11/02/2021;53,83;53,83;53,83;53,83;;-1,79%
10/02/2021;54,81;54,81;54,81;54,81;;-1,26%
09/02/2021;55,51;55,51;55,51;55,51;;-0,27%
08/02/2021;55,66;55,66;55,66;55,66;;7,97%
05/02/2021;51,55;51,55;51,55;51,55;;4,82%
04/02/2021;49,18;49,18;49,18;49,18;;1,89%
03/02/2021;48,27;48,27;48,27;48,27;;-1,77%
02/02/2021;49,14;49,14;49,14;49,14;;0,06%
01/02/2021;49,11;49,11;49,11;49,11;;-6,81%
28/01/2021;52,7;52,7;52,7;52,7;;0,17%
27/01/2021;52,61;52,61;52,61;52,61;;-0,21%
26/01/2021;52,72;52,72;52,72;52,72;;0,08%
25/01/2021;52,68;52,68;52,68;52,68;;0,23%
22/01/2021;52,56;52,56;52,56;52,56;;1,21%
21/01/2021;51,93;51,93;51,93;51,93;;1,68%
20/01/2021;51,07;51,07;51,07;51,07;;1,15%
19/01/2021;50,49;50,49;50,49;50,49;;-2,32%
15/01/2021;51,69;51,69;51,69;51,69;;-4,26%
14/01/2021;53,99;53,99;53,99;53,99;;-2,17%
13/01/2021;55,19;55,19;55,19;55,19;;-6,82%
12/01/2021;59,23;59,23;59,23;59,23;;4,68%
11/01/2021;56,58;56,58;56,58;56,58;;2,07%
08/01/2021;55,43;55,43;55,43;55,43;;4,82%
07/01/2021;52,88;52,88;52,88;52,88;;5,91%
06/01/2021;49,93;49,93;49,93;49,93;;1,18%
05/01/2021;49,35;49,35;49,35;49,35;;-6,85%
04/01/2021;52,98;52,98;52,98;52,98;;-3,02%
31/12/2020;54,63;54,63;54,63;54,63;;25,53%
30/12/2020;43,52;43,52;43,52;43,52;;0,28%
29/12/2020;43,4;43,4;43,4;43,4;;0,74%
28/12/2020;43,08;43,08;43,08;43,08;;-1,26%
24/12/2020;43,63;43,63;43,63;43,63;;0,00%
23/12/2020;43,63;43,63;43,63;43,63;;0,55%
22/12/2020;43,39;43,39;43,39;43,39;;-0,44%
21/12/2020;43,58;43,58;43,58;43,58;;1,47%
18/12/2020;42,95;42,95;42,95;42,95;;-3,24%
17/12/2020;44,39;44,39;44,39;44,39;;-3,58%
16/12/2020;46,04;46,04;46,04;46,04;;0,94%
15/12/2020;45,61;45,61;45,61;45,61;;2,10%
14/12/2020;44,67;44,67;44,67;44,67;;3,21%
11/12/2020;43,28;43,28;43,28;43,28;;-2,41%
10/12/2020;44,35;44,35;44,35;44,35;;1,19%
09/12/2020;43,83;43,83;43,83;43,83;;-2,06%
08/12/2020;44,75;44,75;44,75;44,75;;-4,13%
07/12/2020;46,68;46,68;46,68;46,68;;-6,47%
04/12/2020;49,91;49,91;49,91;49,91;;13,92%
03/12/2020;43,81;43,81;43,81;43,81;;2,05%
02/12/2020;42,93;42,93;42,93;42,93;;-3,05%
01/12/2020;44,28;44,28;44,28;44,28;;-1,36%
30/11/2020;44,89;44,89;44,89;44,89;;15,49%
27/11/2020;38,87;38,87;38,87;38,87;;1,07%
25/11/2020;38,46;38,46;38,46;38,46;;0,92%
24/11/2020;38,11;38,11;38,11;38,11;;0,37%
23/11/2020;37,97;37,97;37,97;37,97;;8,55%
20/11/2020;34,98;34,98;34,98;34,98;;0,23%
19/11/2020;34,9;34,9;34,9;34,9;;0,06%
18/11/2020;34,88;34,88;34,88;34,88;;-1,27%
17/11/2020;35,33;35,33;35,33;35,33;;-0,70%
16/11/2020;35,58;35,58;35,58;35,58;;5,45%
13/11/2020;33,74;33,74;33,74;33,74;;1,23%
12/11/2020;33,33;33,33;33,33;33,33;;-0,74%
11/11/2020;33,58;33,58;33,58;33,58;;-3,97%
10/11/2020;34,97;34,97;34,97;34,97;;-1,58%
09/11/2020;35,53;35,53;35,53;35,53;;-1,91%
06/11/2020;36,22;36,22;36,22;36,22;;1,51%
05/11/2020;35,68;35,68;35,68;35,68;;0,71%
04/11/2020;35,43;35,43;35,43;35,43;;0,23%
03/11/2020;35,35;35,35;35,35;35,35;;-0,28%
02/11/2020;35,45;35,45;35,45;35,45;;4,36%
30/10/2020;33,97;33,97;33,97;33,97;;0,71%
29/10/2020;33,73;33,73;33,73;33,73;;-0,59%
28/10/2020;33,93;33,93;33,93;33,93;;-0,62%
27/10/2020;34,14;34,14;34,14;34,14;;-0,03%
26/10/2020;34,15;34,15;34,15;34,15;;-0,50%
23/10/2020;34,32;34,32;34,32;34,32;;-0,67%
22/10/2020;34,55;34,55;34,55;34,55;;0,82%
21/10/2020;34,27;34,27;34,27;34,27;;-1,61%
20/10/2020;34,83;34,83;34,83;34,83;;-0,17%
19/10/2020;34,89;34,89;34,89;34,89;;1,13%
16/10/2020;34,5;34,5;34,5;34,5;;-0,66%
15/10/2020;34,73;34,73;34,73;34,73;;-2,39%
14/10/2020;35,58;35,58;35,58;35,58;;-0,14%
13/10/2020;35,63;35,63;35,63;35,63;;0,88%
12/10/2020;35,32;35,32;35,32;35,32;;-3,68%
09/10/2020;36,67;36,67;36,67;36,67;;0,33%
08/10/2020;36,55;36,55;36,55;36,55;;-0,84%
07/10/2020;36,86;36,86;36,86;36,86;;-0,51%
06/10/2020;37,05;37,05;37,05;37,05;;-2,32%
05/10/2020;37,93;37,93;37,93;37,93;;2,07%
02/10/2020;37,16;37,16;37,16;37,16;;0,22%
01/10/2020;37,08;37,08;37,08;37,08;;-0,94%
30/09/2020;37,43;37,43;37,43;37,43;;-14,33%
29/09/2020;43,69;43,69;43,69;43,69;;0,16%
28/09/2020;43,62;43,62;43,62;43,62;;-0,02%
25/09/2020;43,63;43,63;43,63;43,63;;0,76%
24/09/2020;43,3;43,3;43,3;43,3;;1,33%
23/09/2020;42,73;42,73;42,73;42,73;;2,10%
22/09/2020;41,85;41,85;41,85;41,85;;-1,30%
21/09/2020;42,4;42,4;42,4;42,4;;2,66%
18/09/2020;41,3;41,3;41,3;41,3;;-0,70%
17/09/2020;41,59;41,59;41,59;41,59;;-0,95%
16/09/2020;41,99;41,99;41,99;41,99;;-1,59%
15/09/2020;42,67;42,67;42,67;42,67;;0,23%
14/09/2020;42,57;42,57;42,57;42,57;;5,11%
11/09/2020;40,5;40,5;40,5;40,5;;0,00%
10/09/2020;40,5;40,5;40,5;40,5;;2,56%
09/09/2020;39,49;39,49;39,49;39,49;;-2,49%
08/09/2020;40,5;40,5;40,5;40,5;;1,89%
04/09/2020;39,75;39,75;39,75;39,75;;1,69%
03/09/2020;39,09;39,09;39,09;39,09;;0,54%
02/09/2020;38,88;38,88;38,88;38,88;;-0,18%
01/09/2020;38,95;38,95;38,95;38,95;;-3,57%
31/08/2020;40,39;40,39;40,39;40,39;;16,43%
28/08/2020;34,69;34,69;34,69;34,69;;0,29%
27/08/2020;34,59;34,59;34,59;34,59;;0,26%
26/08/2020;34,5;34,5;34,5;34,5;;1,92%
25/08/2020;33,85;33,85;33,85;33,85;;2,23%
24/08/2020;33,11;33,11;33,11;33,11;;1,60%
21/08/2020;32,59;32,59;32,59;32,59;;-1,18%
20/08/2020;32,98;32,98;32,98;32,98;;-0,54%
19/08/2020;33,16;33,16;33,16;33,16;;-1,43%
18/08/2020;33,64;33,64;33,64;33,64;;0,06%
17/08/2020;33,62;33,62;33,62;33,62;;5,36%
14/08/2020;31,91;31,91;31,91;31,91;;-0,75%
13/08/2020;32,15;32,15;32,15;32,15;;3,18%
12/08/2020;31,16;31,16;31,16;31,16;;-5,52%
11/08/2020;32,98;32,98;32,98;32,98;;-0,66%
10/08/2020;33,2;33,2;33,2;33,2;;-2,01%
07/08/2020;33,88;33,88;33,88;33,88;;-0,35%
06/08/2020;34;34;34;34;;1,40%
05/08/2020;33,53;33,53;33,53;33,53;;-1,58%
04/08/2020;34,07;34,07;34,07;34,07;;-1,30%
03/08/2020;34,52;34,52;34,52;34,52;;2,95%
31/07/2020;33,53;33,53;33,53;33,53;;11,54%
30/07/2020;30,06;30,06;30,06;30,06;;0,13%
29/07/2020;30,02;30,02;30,02;30,02;;0,54%
28/07/2020;29,86;29,86;29,86;29,86;;0,20%
27/07/2020;29,8;29,8;29,8;29,8;;-2,39%
24/07/2020;30,53;30,53;30,53;30,53;;-0,42%
23/07/2020;30,66;30,66;30,66;30,66;;2,06%
22/07/2020;30,04;30,04;30,04;30,04;;-1,02%
21/07/2020;30,35;30,35;30,35;30,35;;0,36%
20/07/2020;30,24;30,24;30,24;30,24;;-1,47%
17/07/2020;30,69;30,69;30,69;30,69;;-0,42%
16/07/2020;30,82;30,82;30,82;30,82;;-0,42%
15/07/2020;30,95;30,95;30,95;30,95;;-1,24%
14/07/2020;31,34;31,34;31,34;31,34;;-2,61%
13/07/2020;32,18;32,18;32,18;32,18;;3,97%
10/07/2020;30,95;30,95;30,95;30,95;;-3,10%
09/07/2020;31,94;31,94;31,94;31,94;;-1,08%
08/07/2020;32,29;32,29;32,29;32,29;;-1,58%
07/07/2020;32,81;32,81;32,81;32,81;;5,33%
06/07/2020;31,15;31,15;31,15;31,15;;2,30%
02/07/2020;30,45;30,45;30,45;30,45;;0,63%
01/07/2020;30,26;30,26;30,26;30,26;;-5,73%
30/06/2020;32,1;32,1;32,1;32,1;;22,71%
29/06/2020;26,16;26,16;26,16;26,16;;-1,32%
26/06/2020;26,51;26,51;26,51;26,51;;-0,97%
25/06/2020;26,77;26,77;26,77;26,77;;-0,45%
24/06/2020;26,89;26,89;26,89;26,89;;-0,99%
23/06/2020;27,16;27,16;27,16;27,16;;1,27%
22/06/2020;26,82;26,82;26,82;26,82;;2,13%
19/06/2020;26,26;26,26;26,26;26,26;;1,12%
18/06/2020;25,97;25,97;25,97;25,97;;1,72%
17/06/2020;25,53;25,53;25,53;25,53;;-3,33%
16/06/2020;26,41;26,41;26,41;26,41;;3,00%
15/06/2020;25,64;25,64;25,64;25,64;;-0,35%
12/06/2020;25,73;25,73;25,73;25,73;;0,43%
11/06/2020;25,62;25,62;25,62;25,62;;-1,04%
10/06/2020;25,89;25,89;25,89;25,89;;-0,99%
09/06/2020;26,15;26,15;26,15;26,15;;-4,56%
08/06/2020;27,4;27,4;27,4;27,4;;3,67%
05/06/2020;26,43;26,43;26,43;26,43;;8,01%
04/06/2020;24,47;24,47;24,47;24,47;;0,99%
03/06/2020;24,23;24,23;24,23;24,23;;9,14%
02/06/2020;22,2;22,2;22,2;22,2;;8,77%
01/06/2020;20,41;20,41;20,41;20,41;;15,12%
28/05/2020;17,73;17,73;17,73;17,73;;0,28%
27/05/2020;17,68;17,68;17,68;17,68;;-1,23%
26/05/2020;17,9;17,9;17,9;17,9;;-4,02%
22/05/2020;18,65;18,65;18,65;18,65;;1,08%
21/05/2020;18,45;18,45;18,45;18,45;;-0,70%
20/05/2020;18,58;18,58;18,58;18,58;;-5,45%
19/05/2020;19,65;19,65;19,65;19,65;;0,46%
18/05/2020;19,56;19,56;19,56;19,56;;-0,05%
15/05/2020;19,57;19,57;19,57;19,57;;0,20%
14/05/2020;19,53;19,53;19,53;19,53;;2,47%
13/05/2020;19,06;19,06;19,06;19,06;;-4,60%
12/05/2020;19,98;19,98;19,98;19,98;;0,20%
11/05/2020;19,94;19,94;19,94;19,94;;7,15%
08/05/2020;18,61;18,61;18,61;18,61;;-2,05%
07/05/2020;19;19;19;19;;-0,11%
06/05/2020;19,02;19,02;19,02;19,02;;-2,06%
05/05/2020;19,42;19,42;19,42;19,42;;1,25%
04/05/2020;19,18;19,18;19,18;19,18;;-4,20%
01/05/2020;20,02;20,02;20,02;20,02;;-0,55%
30/04/2020;20,13;20,13;20,13;20,13;;17,79%
29/04/2020;17,09;17,09;17,09;17,09;;0,35%
28/04/2020;17,03;17,03;17,03;17,03;;-0,87%
27/04/2020;17,18;17,18;17,18;17,18;;-2,66%
24/04/2020;17,65;17,65;17,65;17,65;;-1,18%
23/04/2020;17,86;17,86;17,86;17,86;;6,06%
22/04/2020;16,84;16,84;16,84;16,84;;2,00%
21/04/2020;16,51;16,51;16,51;16,51;;-0,30%
20/04/2020;16,56;16,56;16,56;16,56;;-9,16%
17/04/2020;18,23;18,23;18,23;18,23;;5,80%
16/04/2020;17,23;17,23;17,23;17,23;;-0,52%
15/04/2020;17,32;17,32;17,32;17,32;;-6,23%
14/04/2020;18,47;18,47;18,47;18,47;;-8,47%
13/04/2020;20,18;20,18;20,18;20,18;;0,00%
09/04/2020;20,18;20,18;20,18;20,18;;11,18%
08/04/2020;18,15;18,15;18,15;18,15;;-6,78%
07/04/2020;19,47;19,47;19,47;19,47;;7,99%
06/04/2020;18,03;18,03;18,03;18,03;;12,90%
03/04/2020;15,97;15,97;15,97;15,97;;-1,11%
02/04/2020;16,15;16,15;16,15;16,15;;4,06%
01/04/2020;15,52;15,52;15,52;15,52;;-11,36%
31/03/2020;17,51;17,51;17,51;17,51;;-22,14%
30/03/2020;22,49;22,49;22,49;22,49;;1,12%
27/03/2020;22,24;22,24;22,24;22,24;;0,04%
26/03/2020;22,23;22,23;22,23;22,23;;-0,76%
25/03/2020;22,4;22,4;22,4;22,4;;0,13%
24/03/2020;22,37;22,37;22,37;22,37;;1,36%
23/03/2020;22,07;22,07;22,07;22,07;;-5,03%
20/03/2020;23,24;23,24;23,24;23,24;;-0,77%
19/03/2020;23,42;23,42;23,42;23,42;;-1,84%
18/03/2020;23,86;23,86;23,86;23,86;;-1,69%
17/03/2020;24,27;24,27;24,27;24,27;;-2,29%
16/03/2020;24,84;24,84;24,84;24,84;;-11,73%
13/03/2020;28,14;28,14;28,14;28,14;;-1,85%
12/03/2020;28,67;28,67;28,67;28,67;;-0,52%
11/03/2020;28,82;28,82;28,82;28,82;;-2,54%
10/03/2020;29,57;29,57;29,57;29,57;;0,44%
09/03/2020;29,44;29,44;29,44;29,44;;4,92%
06/03/2020;28,06;28,06;28,06;28,06;;0,79%
05/03/2020;27,84;27,84;27,84;27,84;;1,05%
04/03/2020;27,55;27,55;27,55;27,55;;-3,81%
03/03/2020;28,64;28,64;28,64;28,64;;-2,42%
02/03/2020;29,35;29,35;29,35;29,35;;33,90%
28/02/2020;21,92;21,92;21,92;21,92;;-0,41%
27/02/2020;22,01;22,01;22,01;22,01;;-0,54%
26/02/2020;22,13;22,13;22,13;22,13;;0,82%
25/02/2020;21,95;21,95;21,95;21,95;;-0,41%
24/02/2020;22,04;22,04;22,04;22,04;;3,23%
21/02/2020;21,35;21,35;21,35;21,35;;-0,09%
20/02/2020;21,37;21,37;21,37;21,37;;-1,93%
19/02/2020;21,79;21,79;21,79;21,79;;0,97%
18/02/2020;21,58;21,58;21,58;21,58;;-5,14%
14/02/2020;22,75;22,75;22,75;22,75;;-5,68%
13/02/2020;24,12;24,12;24,12;24,12;;0,42%
12/02/2020;24,02;24,02;24,02;24,02;;1,52%
11/02/2020;23,66;23,66;23,66;23,66;;3,91%
10/02/2020;22,77;22,77;22,77;22,77;;-15,10%
07/02/2020;26,82;26,82;26,82;26,82;;-2,69%
06/02/2020;27,56;27,56;27,56;27,56;;-0,65%
05/02/2020;27,74;27,74;27,74;27,74;;-1,32%
04/02/2020;28,11;28,11;28,11;28,11;;-2,33%
03/02/2020;28,78;28,78;28,78;28,78;;-7,16%
31/01/2020;31;31;31;31;;-11,20%
30/01/2020;34,91;34,91;34,91;34,91;;-0,34%
29/01/2020;35,03;35,03;35,03;35,03;;-0,31%
28/01/2020;35,14;35,14;35,14;35,14;;0,72%
27/01/2020;34,89;34,89;34,89;34,89;;-0,09%
24/01/2020;34,92;34,92;34,92;34,92;;1,36%
23/01/2020;34,45;34,45;34,45;34,45;;1,32%
22/01/2020;34;34;34;34;;0,92%
21/01/2020;33,69;33,69;33,69;33,69;;3,34%
17/01/2020;32,6;32,6;32,6;32,6;;-0,03%
16/01/2020;32,61;32,61;32,61;32,61;;-0,79%
15/01/2020;32,87;32,87;32,87;32,87;;-0,78%
14/01/2020;33,13;33,13;33,13;33,13;;-3,35%
13/01/2020;34,28;34,28;34,28;34,28;;-0,58%
10/01/2020;34,48;34,48;34,48;34,48;;-1,09%
09/01/2020;34,86;34,86;34,86;34,86;;0,49%
08/01/2020;34,69;34,69;34,69;34,69;;-2,45%
07/01/2020;35,56;35,56;35,56;35,56;;-1,77%
06/01/2020;36,2;36,2;36,2;36,2;;-2,92%
03/01/2020;37,29;37,29;37,29;37,29;;4,25%
02/01/2020;35,77;35,77;35,77;35,77;;-1,87%
31/12/2019;36,45;36,45;36,45;36,45;;9,16%
30/12/2019;33,39;33,39;33,39;33,39;;0,45%
27/12/2019;33,24;33,24;33,24;33,24;;-0,36%
26/12/2019;33,36;33,36;33,36;33,36;;0,00%
24/12/2019;33,36;33,36;33,36;33,36;;-0,18%
23/12/2019;33,42;33,42;33,42;33,42;;2,08%
20/12/2019;32,74;32,74;32,74;32,74;;-2,12%
19/12/2019;33,45;33,45;33,45;33,45;;-0,18%
18/12/2019;33,51;33,51;33,51;33,51;;2,73%
17/12/2019;32,62;32,62;32,62;32,62;;4,32%
16/12/2019;31,27;31,27;31,27;31,27;;-1,08%
13/12/2019;31,61;31,61;31,61;31,61;;3,10%
12/12/2019;30,66;30,66;30,66;30,66;;-1,35%
11/12/2019;31,08;31,08;31,08;31,08;;-1,80%
10/12/2019;31,65;31,65;31,65;31,65;;3,84%
09/12/2019;30,48;30,48;30,48;30,48;;-6,82%
06/12/2019;32,71;32,71;32,71;32,71;;-1,15%
05/12/2019;33,09;33,09;33,09;33,09;;-4,91%
04/12/2019;34,8;34,8;34,8;34,8;;-3,87%
03/12/2019;36,2;36,2;36,2;36,2;;0,00%
02/12/2019;36,2;36,2;36,2;36,2;;-11,71%
29/11/2019;41;41;41;41;;0,29%
27/11/2019;40,88;40,88;40,88;40,88;;0,07%
26/11/2019;40,85;40,85;40,85;40,85;;0,12%
25/11/2019;40,8;40,8;40,8;40,8;;0,22%
22/11/2019;40,71;40,71;40,71;40,71;;0,44%
21/11/2019;40,53;40,53;40,53;40,53;;0,12%
20/11/2019;40,48;40,48;40,48;40,48;;-0,37%
19/11/2019;40,63;40,63;40,63;40,63;;0,22%
18/11/2019;40,54;40,54;40,54;40,54;;-1,34%
15/11/2019;41,09;41,09;41,09;41,09;;-0,77%
14/11/2019;41,41;41,41;41,41;41,41;;-0,48%
13/11/2019;41,61;41,61;41,61;41,61;;-1,77%
12/11/2019;42,36;42,36;42,36;42,36;;-1,88%
11/11/2019;43,17;43,17;43,17;43,17;;4,91%
08/11/2019;41,15;41,15;41,15;41,15;;0,54%
07/11/2019;40,93;40,93;40,93;40,93;;-1,18%
06/11/2019;41,42;41,42;41,42;41,42;;-2,06%
05/11/2019;42,29;42,29;42,29;42,29;;2,45%
04/11/2019;41,28;41,28;41,28;41,28;;-1,67%
01/11/2019;41,98;41,98;41,98;41,98;;0,79%
31/10/2019;41,65;41,65;41,65;41,65;;12,75%
30/10/2019;36,94;36,94;36,94;36,94;;-0,05%
29/10/2019;36,96;36,96;36,96;36,96;;0,00%
28/10/2019;36,96;36,96;36,96;36,96;;-0,32%
25/10/2019;37,08;37,08;37,08;37,08;;-0,72%
24/10/2019;37,35;37,35;37,35;37,35;;0,62%
23/10/2019;37,12;37,12;37,12;37,12;;-0,16%
22/10/2019;37,18;37,18;37,18;37,18;;-0,32%
21/10/2019;37,3;37,3;37,3;37,3;;0,03%
18/10/2019;37,29;37,29;37,29;37,29;;-1,01%
17/10/2019;37,67;37,67;37,67;37,67;;-1,44%
16/10/2019;38,22;38,22;38,22;38,22;;0,45%
15/10/2019;38,05;38,05;38,05;38,05;;1,71%
14/10/2019;37,41;37,41;37,41;37,41;;0,67%
11/10/2019;37,16;37,16;37,16;37,16;;0,27%
10/10/2019;37,06;37,06;37,06;37,06;;-0,38%
09/10/2019;37,2;37,2;37,2;37,2;;0,11%
08/10/2019;37,16;37,16;37,16;37,16;;-2,49%
07/10/2019;38,11;38,11;38,11;38,11;;-4,63%
04/10/2019;39,96;39,96;39,96;39,96;;1,29%
03/10/2019;39,45;39,45;39,45;39,45;;-2,16%
02/10/2019;40,32;40,32;40,32;40,32;;-1,49%
01/10/2019;40,93;40,93;40,93;40,93;;0,81%
30/09/2019;40,6;40,6;40,6;40,6;;13,69%
27/09/2019;35,71;35,71;35,71;35,71;;1,16%
26/09/2019;35,3;35,3;35,3;35,3;;-0,51%
25/09/2019;35,48;35,48;35,48;35,48;;-1,36%
24/09/2019;35,97;35,97;35,97;35,97;;-1,15%
23/09/2019;36,39;36,39;36,39;36,39;;-0,25%
20/09/2019;36,48;36,48;36,48;36,48;;-0,55%
19/09/2019;36,68;36,68;36,68;36,68;;0,33%
18/09/2019;36,56;36,56;36,56;36,56;;-2,25%
17/09/2019;37,4;37,4;37,4;37,4;;-1,50%
16/09/2019;37,97;37,97;37,97;37,97;;3,40%
13/09/2019;36,72;36,72;36,72;36,72;;-0,73%
12/09/2019;36,99;36,99;36,99;36,99;;-2,19%
11/09/2019;37,82;37,82;37,82;37,82;;1,48%
10/09/2019;37,27;37,27;37,27;37,27;;1,28%
09/09/2019;36,8;36,8;36,8;36,8;;1,74%
06/09/2019;36,17;36,17;36,17;36,17;;1,06%
05/09/2019;35,79;35,79;35,79;35,79;;-0,11%
04/09/2019;35,83;35,83;35,83;35,83;;1,85%
03/09/2019;35,18;35,18;35,18;35,18;;-4,53%
30/08/2019;36,85;36,85;36,85;36,85;;-0,16%
29/08/2019;36,91;36,91;36,91;36,91;;0,14%
28/08/2019;36,86;36,86;36,86;36,86;;-0,22%
27/08/2019;36,94;36,94;36,94;36,94;;0,76%
26/08/2019;36,66;36,66;36,66;36,66;;1,61%
23/08/2019;36,08;36,08;36,08;36,08;;-0,77%
22/08/2019;36,36;36,36;36,36;36,36;;0,33%
21/08/2019;36,24;36,24;36,24;36,24;;-0,03%
20/08/2019;36,25;36,25;36,25;36,25;;0,97%
19/08/2019;35,9;35,9;35,9;35,9;;-0,69%
16/08/2019;36,15;36,15;36,15;36,15;;-0,36%
15/08/2019;36,28;36,28;36,28;36,28;;-0,03%
14/08/2019;36,29;36,29;36,29;36,29;;-0,11%
13/08/2019;36,33;36,33;36,33;36,33;;-1,20%
12/08/2019;36,77;36,77;36,77;36,77;;3,32%
09/08/2019;35,59;35,59;35,59;35,59;;0,79%
08/08/2019;35,31;35,31;35,31;35,31;;0,20%
07/08/2019;35,24;35,24;35,24;35,24;;-2,52%
06/08/2019;36,15;36,15;36,15;36,15;;-3,47%
05/08/2019;37,45;37,45;37,45;37,45;;-5,57%
02/08/2019;39,66;39,66;39,66;39,66;;-0,18%
01/08/2019;39,73;39,73;39,73;39,73;;0,28%
31/07/2019;39,62;39,62;39,62;39,62;;-0,18%
30/07/2019;39,69;39,69;39,69;39,69;;0,53%
29/07/2019;39,48;39,48;39,48;39,48;;-0,30%
26/07/2019;39,6;39,6;39,6;39,6;;-0,15%
25/07/2019;39,66;39,66;39,66;39,66;;0,69%
24/07/2019;39,39;39,39;39,39;39,39;;-0,10%
23/07/2019;39,43;39,43;39,43;39,43;;-0,23%
22/07/2019;39,52;39,52;39,52;39,52;;-0,60%
19/07/2019;39,76;39,76;39,76;39,76;;0,13%
18/07/2019;39,71;39,71;39,71;39,71;;-2,53%
17/07/2019;40,74;40,74;40,74;40,74;;0,32%
16/07/2019;40,61;40,61;40,61;40,61;;-1,84%
15/07/2019;41,37;41,37;41,37;41,37;;5,46%
12/07/2019;39,23;39,23;39,23;39,23;;-0,28%
11/07/2019;39,34;39,34;39,34;39,34;;1,97%
10/07/2019;38,58;38,58;38,58;38,58;;0,34%
09/07/2019;38,45;38,45;38,45;38,45;;1,21%
08/07/2019;37,99;37,99;37,99;37,99;;2,84%
05/07/2019;36,94;36,94;36,94;36,94;;2,98%
03/07/2019;35,87;35,87;35,87;35,87;;-1,21%
02/07/2019;36,31;36,31;36,31;36,31;;2,98%
01/07/2019;35,26;35,26;35,26;35,26;;9,10%
28/06/2019;32,32;32,32;32,32;32,32;;-0,46%
27/06/2019;32,47;32,47;32,47;32,47;;0,40%
26/06/2019;32,34;32,34;32,34;32,34;;-0,55%
25/06/2019;32,52;32,52;32,52;32,52;;-0,67%
24/06/2019;32,74;32,74;32,74;32,74;;0,06%
21/06/2019;32,72;32,72;32,72;32,72;;-1,21%
20/06/2019;33,12;33,12;33,12;33,12;;-0,45%
19/06/2019;33,27;33,27;33,27;33,27;;0,09%
18/06/2019;33,24;33,24;33,24;33,24;;0,82%
17/06/2019;32,97;32,97;32,97;32,97;;-2,11%
14/06/2019;33,68;33,68;33,68;33,68;;0,27%
13/06/2019;33,59;33,59;33,59;33,59;;0,30%
12/06/2019;33,49;33,49;33,49;33,49;;-1,44%
11/06/2019;33,98;33,98;33,98;33,98;;2,72%
10/06/2019;33,08;33,08;33,08;33,08;;2,00%
07/06/2019;32,43;32,43;32,43;32,43;;-4,98%
06/06/2019;34,13;34,13;34,13;34,13;;-1,02%
05/06/2019;34,48;34,48;34,48;34,48;;2,53%
04/06/2019;33,63;33,63;33,63;33,63;;0,18%
03/06/2019;33,57;33,57;33,57;33,57;;-5,41%
31/05/2019;35,49;35,49;35,49;35,49;;-6,21%
30/05/2019;37,84;37,84;37,84;37,84;;-0,05%
29/05/2019;37,86;37,86;37,86;37,86;;-0,29%
28/05/2019;37,97;37,97;37,97;37,97;;0,21%
24/05/2019;37,89;37,89;37,89;37,89;;0,32%
23/05/2019;37,77;37,77;37,77;37,77;;1,02%
22/05/2019;37,39;37,39;37,39;37,39;;-1,94%
21/05/2019;38,13;38,13;38,13;38,13;;0,37%
20/05/2019;37,99;37,99;37,99;37,99;;-0,60%
17/05/2019;38,22;38,22;38,22;38,22;;-1,01%
16/05/2019;38,61;38,61;38,61;38,61;;1,45%
15/05/2019;38,06;38,06;38,06;38,06;;-1,07%
14/05/2019;38,47;38,47;38,47;38,47;;-0,05%
13/05/2019;38,49;38,49;38,49;38,49;;-0,28%
10/05/2019;38,6;38,6;38,6;38,6;;-2,25%
09/05/2019;39,49;39,49;39,49;39,49;;-0,93%
08/05/2019;39,86;39,86;39,86;39,86;;3,29%
07/05/2019;38,59;38,59;38,59;38,59;;2,09%
06/05/2019;37,8;37,8;37,8;37,8;;0,77%
03/05/2019;37,51;37,51;37,51;37,51;;0,40%
02/05/2019;37,36;37,36;37,36;37,36;;-2,58%
01/05/2019;38,35;38,35;38,35;38,35;;0,00%
30/04/2019;38,35;38,35;38,35;38,35;;3,76%
29/04/2019;36,96;36,96;36,96;36,96;;0,03%
26/04/2019;36,95;36,95;36,95;36,95;;-0,46%
25/04/2019;37,12;37,12;37,12;37,12;;0,76%
24/04/2019;36,84;36,84;36,84;36,84;;1,29%
23/04/2019;36,37;36,37;36,37;36,37;;-7,24%
22/04/2019;39,21;39,21;39,21;39,21;;0,00%
18/04/2019;39,21;39,21;39,21;39,21;;1,00%
17/04/2019;38,82;38,82;38,82;38,82;;0,88%
16/04/2019;38,48;38,48;38,48;38,48;;-0,10%
15/04/2019;38,52;38,52;38,52;38,52;;-1,38%
12/04/2019;39,06;39,06;39,06;39,06;;1,14%
11/04/2019;38,62;38,62;38,62;38,62;;-2,43%
10/04/2019;39,58;39,58;39,58;39,58;;1,59%
09/04/2019;38,96;38,96;38,96;38,96;;1,43%
08/04/2019;38,41;38,41;38,41;38,41;;3,70%
05/04/2019;37,04;37,04;37,04;37,04;;4,13%
04/04/2019;35,57;35,57;35,57;35,57;;2,77%
03/04/2019;34,61;34,61;34,61;34,61;;0,17%
02/04/2019;34,55;34,55;34,55;34,55;;-0,83%
01/04/2019;34,84;34,84;34,84;34,84;;13,82%
29/03/2019;30,61;30,61;30,61;30,61;;-0,13%
28/03/2019;30,65;30,65;30,65;30,65;;0,49%
27/03/2019;30,5;30,5;30,5;30,5;;0,13%
26/03/2019;30,46;30,46;30,46;30,46;;-0,39%
25/03/2019;30,58;30,58;30,58;30,58;;0,16%
22/03/2019;30,53;30,53;30,53;30,53;;0,00%
21/03/2019;30,53;30,53;30,53;30,53;;-0,49%
20/03/2019;30,68;30,68;30,68;30,68;;-0,07%
19/03/2019;30,7;30,7;30,7;30,7;;0,03%
18/03/2019;30,69;30,69;30,69;30,69;;-1,82%
15/03/2019;31,26;31,26;31,26;31,26;;-0,45%
14/03/2019;31,4;31,4;31,4;31,4;;-1,72%
13/03/2019;31,95;31,95;31,95;31,95;;-2,35%
12/03/2019;32,72;32,72;32,72;32,72;;-1,51%
11/03/2019;33,22;33,22;33,22;33,22;;-2,81%
08/03/2019;34,18;34,18;34,18;34,18;;-0,12%
07/03/2019;34,22;34,22;34,22;34,22;;-3,14%
06/03/2019;35,33;35,33;35,33;35,33;;-2,94%
05/03/2019;36,4;36,4;36,4;36,4;;-2,99%
04/03/2019;37,52;37,52;37,52;37,52;;-2,47%
01/03/2019;38,47;38,47;38,47;38,47;;-0,13%
28/02/2019;38,52;38,52;38,52;38,52;;-10,04%
27/02/2019;42,82;42,82;42,82;42,82;;0,00%
26/02/2019;42,82;42,82;42,82;42,82;;0,05%
25/02/2019;42,8;42,8;42,8;42,8;;0,26%
22/02/2019;42,69;42,69;42,69;42,69;;-0,42%
21/02/2019;42,87;42,87;42,87;42,87;;0,07%
20/02/2019;42,84;42,84;42,84;42,84;;0,14%
19/02/2019;42,78;42,78;42,78;42,78;;0,49%
15/02/2019;42,57;42,57;42,57;42,57;;-2,07%
14/02/2019;43,47;43,47;43,47;43,47;;0,18%
13/02/2019;43,39;43,39;43,39;43,39;;-0,78%
12/02/2019;43,73;43,73;43,73;43,73;;-0,52%
11/02/2019;43,96;43,96;43,96;43,96;;-3,19%
08/02/2019;45,41;45,41;45,41;45,41;;-3,16%
07/02/2019;46,89;46,89;46,89;46,89;;1,80%
06/02/2019;46,06;46,06;46,06;46,06;;-1,12%
05/02/2019;46,58;46,58;46,58;46,58;;-1,25%
04/02/2019;47,17;47,17;47,17;47,17;;-9,08%
01/02/2019;51,88;51,88;51,88;51,88;;-4,19%
31/01/2019;54,15;54,15;54,15;54,15;;9,64%
30/01/2019;49,39;49,39;49,39;49,39;;0,14%
29/01/2019;49,32;49,32;49,32;49,32;;-0,38%
28/01/2019;49,51;49,51;49,51;49,51;;-0,32%
25/01/2019;49,67;49,67;49,67;49,67;;-1,04%
24/01/2019;50,19;50,19;50,19;50,19;;-1,20%
23/01/2019;50,8;50,8;50,8;50,8;;0,53%
22/01/2019;50,53;50,53;50,53;50,53;;-1,06%
18/01/2019;51,07;51,07;51,07;51,07;;-1,14%
17/01/2019;51,66;51,66;51,66;51,66;;0,96%
16/01/2019;51,17;51,17;51,17;51,17;;1,33%
15/01/2019;50,5;50,5;50,5;50,5;;0,30%
14/01/2019;50,35;50,35;50,35;50,35;;0,40%
11/01/2019;50,15;50,15;50,15;50,15;;0,58%
10/01/2019;49,86;49,86;49,86;49,86;;-1,29%
09/01/2019;50,51;50,51;50,51;50,51;;-0,98%
08/01/2019;51,01;51,01;51,01;51,01;;2,78%
07/01/2019;49,63;49,63;49,63;49,63;;-7,44%
04/01/2019;53,62;53,62;53,62;53,62;;-1,45%
03/01/2019;54,41;54,41;54,41;54,41;;-1,29%
02/01/2019;55,12;55,12;55,12;55,12;;-6,03%
31/12/2018;58,66;58,66;58,66;58,66;;23,52%
28/12/2018;47,49;47,49;47,49;47,49;;0,34%
27/12/2018;47,33;47,33;47,33;47,33;;0,38%
26/12/2018;47,15;47,15;47,15;47,15;;0,00%
24/12/2018;47,15;47,15;47,15;47,15;;-0,95%
21/12/2018;47,6;47,6;47,6;47,6;;-0,54%
20/12/2018;47,86;47,86;47,86;47,86;;1,40%
19/12/2018;47,2;47,2;47,2;47,2;;1,68%
18/12/2018;46,42;46,42;46,42;46,42;;-1,04%
17/12/2018;46,91;46,91;46,91;46,91;;-2,53%
14/12/2018;48,13;48,13;48,13;48,13;;2,30%
13/12/2018;47,05;47,05;47,05;47,05;;1,73%
12/12/2018;46,25;46,25;46,25;46,25;;2,50%
11/12/2018;45,12;45,12;45,12;45,12;;3,42%
10/12/2018;43,63;43,63;43,63;43,63;;-0,91%
07/12/2018;44,03;44,03;44,03;44,03;;-2,29%
06/12/2018;45,06;45,06;45,06;45,06;;-5,12%
05/12/2018;47,49;47,49;47,49;47,49;;-3,63%
04/12/2018;49,28;49,28;49,28;49,28;;-3,30%
03/12/2018;50,96;50,96;50,96;50,96;;-0,16%
30/11/2018;51,04;51,04;51,04;51,04;;-9,95%
29/11/2018;56,68;56,68;56,68;56,68;;0,14%
28/11/2018;56,6;56,6;56,6;56,6;;0,30%
27/11/2018;56,43;56,43;56,43;56,43;;-0,19%
26/11/2018;56,54;56,54;56,54;56,54;;-1,58%
23/11/2018;57,45;57,45;57,45;57,45;;-0,40%
21/11/2018;57,68;57,68;57,68;57,68;;2,25%
20/11/2018;56,41;56,41;56,41;56,41;;1,15%
19/11/2018;55,77;55,77;55,77;55,77;;-5,31%
16/11/2018;58,9;58,9;58,9;58,9;;-0,07%
15/11/2018;58,94;58,94;58,94;58,94;;-0,66%
14/11/2018;59,33;59,33;59,33;59,33;;0,66%
13/11/2018;58,94;58,94;58,94;58,94;;-0,34%
12/11/2018;59,14;59,14;59,14;59,14;;7,72%
09/11/2018;54,9;54,9;54,9;54,9;;0,24%
08/11/2018;54,77;54,77;54,77;54,77;;2,20%
07/11/2018;53,59;53,59;53,59;53,59;;4,20%
06/11/2018;51,43;51,43;51,43;51,43;;0,67%
05/11/2018;51,09;51,09;51,09;51,09;;-8,26%
02/11/2018;55,69;55,69;55,69;55,69;;1,09%
01/11/2018;55,09;55,09;55,09;55,09;;-3,59%
31/10/2018;57,14;57,14;57,14;57,14;;7,59%
30/10/2018;53,11;53,11;53,11;53,11;;-0,13%
29/10/2018;53,18;53,18;53,18;53,18;;-0,56%
26/10/2018;53,48;53,48;53,48;53,48;;-1,49%
25/10/2018;54,29;54,29;54,29;54,29;;-2,09%
24/10/2018;55,45;55,45;55,45;55,45;;-0,77%
23/10/2018;55,88;55,88;55,88;55,88;;-0,57%
22/10/2018;56,2;56,2;56,2;56,2;;4,85%
19/10/2018;53,6;53,6;53,6;53,6;;-0,43%
18/10/2018;53,83;53,83;53,83;53,83;;0,50%
17/10/2018;53,56;53,56;53,56;53,56;;-0,02%
16/10/2018;53,57;53,57;53,57;53,57;;-1,16%
15/10/2018;54,2;54,2;54,2;54,2;;-1,36%
12/10/2018;54,95;54,95;54,95;54,95;;1,57%
11/10/2018;54,1;54,1;54,1;54,1;;-2,91%
10/10/2018;55,72;55,72;55,72;55,72;;-0,36%
09/10/2018;55,92;55,92;55,92;55,92;;-1,64%
08/10/2018;56,85;56,85;56,85;56,85;;-3,69%
05/10/2018;59,03;59,03;59,03;59,03;;0,34%
04/10/2018;58,83;58,83;58,83;58,83;;1,27%
03/10/2018;58,09;58,09;58,09;58,09;;0,17%
02/10/2018;57,99;57,99;57,99;57,99;;4,26%
01/10/2018;55,62;55,62;55,62;55,62;;1,31%
28/09/2018;54,9;54,9;54,9;54,9;;-0,69%
27/09/2018;55,28;55,28;55,28;55,28;;-0,22%
26/09/2018;55,4;55,4;55,4;55,4;;-0,52%
25/09/2018;55,69;55,69;55,69;55,69;;-0,84%
24/09/2018;56,16;56,16;56,16;56,16;;1,85%
21/09/2018;55,14;55,14;55,14;55,14;;-1,66%
20/09/2018;56,07;56,07;56,07;56,07;;-0,25%
19/09/2018;56,21;56,21;56,21;56,21;;-0,55%
18/09/2018;56,52;56,52;56,52;56,52;;-2,06%
17/09/2018;57,71;57,71;57,71;57,71;;-2,68%
14/09/2018;59,3;59,3;59,3;59,3;;0,20%
13/09/2018;59,18;59,18;59,18;59,18;;-0,85%
12/09/2018;59,69;59,69;59,69;59,69;;-0,10%
11/09/2018;59,75;59,75;59,75;59,75;;0,50%
10/09/2018;59,45;59,45;59,45;59,45;;2,32%
07/09/2018;58,1;58,1;58,1;58,1;;2,41%
06/09/2018;56,73;56,73;56,73;56,73;;0,42%
05/09/2018;56,49;56,49;56,49;56,49;;-1,60%
04/09/2018;57,41;57,41;57,41;57,41;;-3,20%
31/08/2018;59,31;59,31;59,31;59,31;;5,55%
30/08/2018;56,19;56,19;56,19;56,19;;0,04%
29/08/2018;56,17;56,17;56,17;56,17;;-0,18%
28/08/2018;56,27;56,27;56,27;56,27;;0,12%
27/08/2018;56,2;56,2;56,2;56,2;;0,07%
24/08/2018;56,16;56,16;56,16;56,16;;0,18%
23/08/2018;56,06;56,06;56,06;56,06;;-0,34%
22/08/2018;56,25;56,25;56,25;56,25;;0,07%
21/08/2018;56,21;56,21;56,21;56,21;;1,92%
20/08/2018;55,15;55,15;55,15;55,15;;0,93%
17/08/2018;54,64;54,64;54,64;54,64;;0,68%
16/08/2018;54,27;54,27;54,27;54,27;;0,87%
15/08/2018;53,8;53,8;53,8;53,8;;0,04%
14/08/2018;53,78;53,78;53,78;53,78;;0,66%
13/08/2018;53,43;53,43;53,43;53,43;;2,53%
10/08/2018;52,11;52,11;52,11;52,11;;-0,78%
09/08/2018;52,52;52,52;52,52;52,52;;1,63%
08/08/2018;51,68;51,68;51,68;51,68;;0,39%
07/08/2018;51,48;51,48;51,48;51,48;;-0,27%
06/08/2018;51,62;51,62;51,62;51,62;;-0,04%
03/08/2018;51,64;51,64;51,64;51,64;;1,20%
02/08/2018;51,03;51,03;51,03;51,03;;-0,91%
01/08/2018;51,5;51,5;51,5;51,5;;0,80%
31/07/2018;51,09;51,09;51,09;51,09;;3,13%
30/07/2018;49,54;49,54;49,54;49,54;;-0,04%
27/07/2018;49,56;49,56;49,56;49,56;;-0,06%
26/07/2018;49,59;49,59;49,59;49,59;;-0,04%
25/07/2018;49,61;49,61;49,61;49,61;;0,18%
24/07/2018;49,52;49,52;49,52;49,52;;0,08%
23/07/2018;49,48;49,48;49,48;49,48;;1,06%
20/07/2018;48,96;48,96;48,96;48,96;;-0,69%
19/07/2018;49,3;49,3;49,3;49,3;;0,76%
18/07/2018;48,93;48,93;48,93;48,93;;0,64%
17/07/2018;48,62;48,62;48,62;48,62;;-0,04%
16/07/2018;48,64;48,64;48,64;48,64;;2,40%
13/07/2018;47,5;47,5;47,5;47,5;;-0,31%
12/07/2018;47,65;47,65;47,65;47,65;;-1,00%
11/07/2018;48,13;48,13;48,13;48,13;;1,30%
10/07/2018;47,51;47,51;47,51;47,51;;1,30%
09/07/2018;46,9;46,9;46,9;46,9;;3,97%
06/07/2018;45,11;45,11;45,11;45,11;;-0,68%
05/07/2018;45,42;45,42;45,42;45,42;;1,23%
03/07/2018;44,87;44,87;44,87;44,87;;-1,04%
02/07/2018;45,34;45,34;45,34;45,34;;6,88%
29/06/2018;42,42;42,42;42,42;42,42;;0,09%
28/06/2018;42,38;42,38;42,38;42,38;;0,17%
27/06/2018;42,31;42,31;42,31;42,31;;0,02%
26/06/2018;42,3;42,3;42,3;42,3;;0,21%
25/06/2018;42,21;42,21;42,21;42,21;;0,64%
22/06/2018;41,94;41,94;41,94;41,94;;-0,24%
21/06/2018;42,04;42,04;42,04;42,04;;-0,26%
20/06/2018;42,15;42,15;42,15;42,15;;-1,01%
19/06/2018;42,58;42,58;42,58;42,58;;1,55%
18/06/2018;41,93;41,93;41,93;41,93;;-4,79%
15/06/2018;44,04;44,04;44,04;44,04;;1,08%
14/06/2018;43,57;43,57;43,57;43,57;;-0,55%
13/06/2018;43,81;43,81;43,81;43,81;;-1,62%
12/06/2018;44,53;44,53;44,53;44,53;;1,04%
11/06/2018;44,07;44,07;44,07;44,07;;1,57%
08/06/2018;43,39;43,39;43,39;43,39;;0,56%
07/06/2018;43,15;43,15;43,15;43,15;;0,30%
06/06/2018;43,02;43,02;43,02;43,02;;-3,82%
05/06/2018;44,73;44,73;44,73;44,73;;0,49%
04/06/2018;44,51;44,51;44,51;44,51;;5,93%
01/06/2018;42,02;42,02;42,02;42,02;;-6,16%
31/05/2018;44,78;44,78;44,78;44,78;;33,51%
30/05/2018;33,54;33,54;33,54;33,54;;0,03%
29/05/2018;33,53;33,53;33,53;33,53;;1,02%
25/05/2018;33,19;33,19;33,19;33,19;;0,88%
24/05/2018;32,9;32,9;32,9;32,9;;1,17%
23/05/2018;32,52;32,52;32,52;32,52;;2,23%
22/05/2018;31,81;31,81;31,81;31,81;;1,27%
21/05/2018;31,41;31,41;31,41;31,41;;3,63%
18/05/2018;30,31;30,31;30,31;30,31;;-3,50%
17/05/2018;31,41;31,41;31,41;31,41;;-1,29%
16/05/2018;31,82;31,82;31,82;31,82;;-1,70%
15/05/2018;32,37;32,37;32,37;32,37;;0,62%
14/05/2018;32,17;32,17;32,17;32,17;;2,62%
11/05/2018;31,35;31,35;31,35;31,35;;-0,76%
10/05/2018;31,59;31,59;31,59;31,59;;0,77%
09/05/2018;31,35;31,35;31,35;31,35;;3,36%
08/05/2018;30,33;30,33;30,33;30,33;;-0,20%
07/05/2018;30,39;30,39;30,39;30,39;;0,43%
04/05/2018;30,26;30,26;30,26;30,26;;2,09%
03/05/2018;29,64;29,64;29,64;29,64;;-1,46%
02/05/2018;30,08;30,08;30,08;30,08;;-2,69%
01/05/2018;30,91;30,91;30,91;30,91;;-1,28%
30/04/2018;31,31;31,31;31,31;31,31;;-2,94%
27/04/2018;32,26;32,26;32,26;32,26;;0,50%
26/04/2018;32,1;32,1;32,1;32,1;;-0,65%
25/04/2018;32,31;32,31;32,31;32,31;;-0,40%
24/04/2018;32,44;32,44;32,44;32,44;;-0,98%
23/04/2018;32,76;32,76;32,76;32,76;;-1,33%
20/04/2018;33,2;33,2;33,2;33,2;;0,64%
19/04/2018;32,99;32,99;32,99;32,99;;-0,93%
18/04/2018;33,3;33,3;33,3;33,3;;-1,27%
17/04/2018;33,73;33,73;33,73;33,73;;0,09%
16/04/2018;33,7;33,7;33,7;33,7;;1,32%
13/04/2018;33,26;33,26;33,26;33,26;;2,06%
12/04/2018;32,59;32,59;32,59;32,59;;1,12%
11/04/2018;32,23;32,23;32,23;32,23;;-0,37%
10/04/2018;32,35;32,35;32,35;32,35;;-1,70%
09/04/2018;32,91;32,91;32,91;32,91;;-0,15%
06/04/2018;32,96;32,96;32,96;32,96;;0,15%
05/04/2018;32,91;32,91;32,91;32,91;;-1,82%
04/04/2018;33,52;33,52;33,52;33,52;;1,27%
03/04/2018;33,1;33,1;33,1;33,1;;-5,81%
02/04/2018;35,14;35,14;35,14;35,14;;-6,34%
29/03/2018;37,52;37,52;37,52;37,52;;-0,08%
28/03/2018;37,55;37,55;37,55;37,55;;-0,19%
27/03/2018;37,62;37,62;37,62;37,62;;0,78%
26/03/2018;37,33;37,33;37,33;37,33;;0,97%
23/03/2018;36,97;36,97;36,97;36,97;;-0,38%
22/03/2018;37,11;37,11;37,11;37,11;;1,20%
21/03/2018;36,67;36,67;36,67;36,67;;3,15%
20/03/2018;35,55;35,55;35,55;35,55;;1,48%
19/03/2018;35,03;35,03;35,03;35,03;;3,46%
16/03/2018;33,86;33,86;33,86;33,86;;0,09%
15/03/2018;33,83;33,83;33,83;33,83;;1,08%
14/03/2018;33,47;33,47;33,47;33,47;;-5,02%
13/03/2018;35,24;35,24;35,24;35,24;;0,46%
12/03/2018;35,08;35,08;35,08;35,08;;-0,85%
09/03/2018;35,38;35,38;35,38;35,38;;2,49%
08/03/2018;34,52;34,52;34,52;34,52;;1,32%
07/03/2018;34,07;34,07;34,07;34,07;;-0,41%
06/03/2018;34,21;34,21;34,21;34,21;;0,56%
05/03/2018;34,02;34,02;34,02;34,02;;-5,84%
02/03/2018;36,13;36,13;36,13;36,13;;0,42%
01/03/2018;35,98;35,98;35,98;35,98;;-0,83%
28/02/2018;36,28;36,28;36,28;36,28;;-9,57%
27/02/2018;40,12;40,12;40,12;40,12;;-0,20%
26/02/2018;40,2;40,2;40,2;40,2;;-2,52%
23/02/2018;41,24;41,24;41,24;41,24;;0,56%
22/02/2018;41,01;41,01;41,01;41,01;;1,76%
21/02/2018;40,3;40,3;40,3;40,3;;2,18%
20/02/2018;39,44;39,44;39,44;39,44;;1,52%
16/02/2018;38,85;38,85;38,85;38,85;;0,23%
15/02/2018;38,76;38,76;38,76;38,76;;0,47%
14/02/2018;38,58;38,58;38,58;38,58;;0,08%
13/02/2018;38,55;38,55;38,55;38,55;;1,15%
12/02/2018;38,11;38,11;38,11;38,11;;-0,24%
09/02/2018;38,2;38,2;38,2;38,2;;-0,16%
08/02/2018;38,26;38,26;38,26;38,26;;-3,14%
07/02/2018;39,5;39,5;39,5;39,5;;0,08%
06/02/2018;39,47;39,47;39,47;39,47;;-1,96%
05/02/2018;40,26;40,26;40,26;40,26;;-5,34%
02/02/2018;42,53;42,53;42,53;42,53;;-1,94%
01/02/2018;43,37;43,37;43,37;43,37;;6,69%
31/01/2018;40,65;40,65;40,65;40,65;;37,98%
30/01/2018;29,46;29,46;29,46;29,46;;-0,27%
29/01/2018;29,54;29,54;29,54;29,54;;0,37%
26/01/2018;29,43;29,43;29,43;29,43;;0,38%
25/01/2018;29,32;29,32;29,32;29,32;;-1,94%
24/01/2018;29,9;29,9;29,9;29,9;;-1,81%
23/01/2018;30,45;30,45;30,45;30,45;;-17,03%
06/12/2017;36,7;36,7;36,7;36,7;;-1,13%
05/12/2017;37,12;37,12;37,12;37,12;;-0,43%
